sequence,exit_timestamp,equity,equity_peak,drawdown,drawdown_pct
1,2011-11-02 19:15:00+00:00,50368.8,50368.8,0.0,0.0
2,2011-12-08 15:41:13+00:00,50525.1,50525.1,0.0,0.0
3,2011-12-12 15:17:14+00:00,50293.9,50525.1,231.1999999999971,0.004575943441972348
4,2012-04-19 15:45:00+00:00,50637.7,50637.7,0.0,0.0
5,2012-05-16 19:21:23+00:00,50431.5,50637.7,206.1999999999971,0.004072064884463495
6,2012-06-11 16:03:00+00:00,50625.3,50637.7,12.39999999999418,0.000244876840772669
7,2012-06-12 19:21:00+00:00,50769.1,50769.1,0.0,0.0
8,2012-08-01 15:27:00+00:00,50925.4,50925.4,0.0,0.0
9,2012-08-02 15:16:14+00:00,50644.2,50925.4,281.20000000000437,0.005521802479705695
10,2012-10-02 15:36:01+00:00,50613.0,50925.4,312.40000000000146,0.006134463352276103
11,2012-11-02 15:19:20+00:00,50381.8,50925.4,543.5999999999985,0.010674437510554625
12,2012-11-29 16:15:00+00:00,50613.1,50925.4,312.3000000000029,0.006132499695633277
13,2013-04-18 19:55:00+00:00,50756.9,50925.4,168.5,0.003308761443209086
14,,50450.7,50925.4,474.70000000000437,0.009321478083628295
15,,50557.0,50925.4,368.40000000000146,0.0072341110722743745
16,,50300.8,50925.4,624.5999999999985,0.012264999391266412
17,,50407.1,50925.4,518.3000000000029,0.010177632379912635
18,,50175.9,50925.4,749.5,0.014717606538191158
19,,50282.2,50925.4,643.2000000000044,0.01263023952683738
20,,50076.0,50925.4,849.4000000000015,0.016679299524402388
21,,50182.3,50925.4,743.0999999999985,0.01459193251304847
22,,49976.1,50925.4,949.3000000000029,0.01864099251061362
23,,49719.9,50925.4,1205.5,0.023671880829605658
24,,49463.7,50925.4,1461.7000000000044,0.02870276914859784
25,,49257.5,50925.4,1667.9000000000015,0.03275182914616285
26,,49413.8,50925.4,1511.5999999999985,0.029682633813381896
27,,49157.6,50925.4,1767.800000000003,0.03471352213237408
28,,48901.4,50925.4,2024.0,0.03974441045136611
29,,48695.2,50925.4,2230.2000000000044,0.04379347044893127
30,,48439.0,50925.4,2486.4000000000015,0.04882435876792331
31,,48232.8,50925.4,2692.5999999999985,0.05287341876548831
