trade_id,net_pnl,mae,mfe,mae_source,mfe_source
1,368.8,1.75,5.5,max_adverse_excursion,max_favorable_excursion
2,-306.2,2.5,1.25,max_adverse_excursion,max_favorable_excursion
3,106.3,0.75,2.75,max_adverse_excursion,max_favorable_excursion
4,-256.2,2.0,0.75,max_adverse_excursion,max_favorable_excursion
5,106.3,0.25,2.25,max_adverse_excursion,max_favorable_excursion
6,-231.2,1.75,0.75,max_adverse_excursion,max_favorable_excursion
7,106.3,0.0,2.75,max_adverse_excursion,max_favorable_excursion
8,156.3,1.75,3.25,max_adverse_excursion,max_favorable_excursion
9,-231.2,1.75,1.25,max_adverse_excursion,max_favorable_excursion
10,-206.2,1.5,0.5,max_adverse_excursion,max_favorable_excursion
11,343.8,0.25,6.0,max_adverse_excursion,max_favorable_excursion
12,106.3,1.25,2.25,max_adverse_excursion,max_favorable_excursion
13,-206.2,1.5,0.5,max_adverse_excursion,max_favorable_excursion
14,-206.2,1.5,1.0,max_adverse_excursion,max_favorable_excursion
15,-256.2,2.0,0.5,max_adverse_excursion,max_favorable_excursion
16,193.8,0.25,3.75,max_adverse_excursion,max_favorable_excursion
17,143.8,0.5,2.25,max_adverse_excursion,max_favorable_excursion
18,-256.2,2.0,1.75,max_adverse_excursion,max_favorable_excursion
19,-206.2,1.5,0.75,max_adverse_excursion,max_favorable_excursion
20,156.3,1.0,2.75,max_adverse_excursion,max_favorable_excursion
21,156.3,1.0,3.5,max_adverse_excursion,max_favorable_excursion
22,-281.2,2.25,0.0,max_adverse_excursion,max_favorable_excursion
23,-31.2,1.25,1.75,max_adverse_excursion,max_favorable_excursion
24,-231.2,1.75,0.5,max_adverse_excursion,max_favorable_excursion
25,-256.2,2.0,1.25,max_adverse_excursion,max_favorable_excursion
26,-256.2,2.0,2.25,max_adverse_excursion,max_favorable_excursion
27,231.3,0.75,3.5,max_adverse_excursion,max_favorable_excursion
28,-206.2,1.5,0.25,max_adverse_excursion,max_favorable_excursion
29,-256.2,2.0,2.5,max_adverse_excursion,max_favorable_excursion
30,-206.2,1.5,0.75,max_adverse_excursion,max_favorable_excursion
31,143.8,0.0,3.75,max_adverse_excursion,max_favorable_excursion
