month,net_profit_after_costs,trades,wins,losses,win_rate,expectancy_currency,expectancy_r
2011-11,368.8,1,1,0,1.0,368.8,1.3636363636363635
2011-12,-74.89999999999998,2,1,1,0.5,-37.44999999999999,-0.26704545454545453
2012-04,343.8,1,1,0,1.0,343.8,1.75
2012-05,-206.2,1,0,1,0.0,-206.2,-1.1428571428571428
2012-06,337.6,2,2,0,1.0,168.8,0.9285714285714286
2012-08,-124.89999999999998,2,1,1,0.5,-62.44999999999999,-0.08571428571428574
2012-10,-31.2,1,0,1,0.0,-31.2,-0.1428571428571428
2012-11,0.10000000000002274,2,1,1,0.5,0.05000000000001137,0.1160714285714286
2013-04,143.8,1,1,0,1.0,143.8,0.75
