run_id,event.params.sweep_minimum_ticks,event.params.failure_confirmation_bars,event.params.maximum_stop_atr_multiple,event.params.maximum_holding_bars,signals_generated,entries_opened,trades_closed,entry_rejections_total,reject_missing_stop,reject_target_already_reached,reject_position_sizing,reject_daily_risk_lockout,reject_apex_latest_entry_time,reject_event_no_trade_window,total_trades,trades_per_year,net_profit,profit_factor,expectancy_r,max_drawdown,max_drawdown_pct,cagr,mar,win_rate,apex_rule_violations,apex_forced_flatten_trades,profitable,worst_day,best_day_concentration,consecutive_losses,benchmark_passed,failure_reason
1,2,2,1.0,8,0,0,5,0,0,0,0,0,0,0,5,4.647210282764297,-406.0,0.3436792757840285,-0.4446428571428571,618.5999999999985,0.0123196169885645,-0.0075492377634542,-0.6127818559993947,0.4,0,0,False,-206.2,0.0,3,False,min_total_net_profit;min_trades_per_year;preferred_min_total_trades
2,2,2,1.0,12,0,0,5,0,0,0,0,0,0,0,5,4.647210282764297,-406.0,0.3436792757840285,-0.4446428571428571,618.5999999999985,0.0123196169885645,-0.0075492377634542,-0.6127818559993947,0.4,0,0,False,-206.2,0.0,3,False,min_total_net_profit;min_trades_per_year;preferred_min_total_trades
3,2,2,1.0,16,0,0,5,0,0,0,0,0,0,0,5,4.647210282764297,-406.0,0.3436792757840285,-0.4446428571428571,618.5999999999985,0.0123196169885645,-0.0075492377634542,-0.6127818559993947,0.4,0,0,False,-206.2,0.0,3,False,min_total_net_profit;min_trades_per_year;preferred_min_total_trades
4,2,2,1.25,8,0,0,31,0,0,0,0,0,0,0,31,21.241440765407084,-1829.7,0.535938926651111,-0.2611733696411115,2192.300000000003,0.0436984739519383,-0.0252212824140901,-0.5771662058915317,0.3870967741935484,0,0,False,-306.2,0.0,5,False,min_total_net_profit;min_trades_per_year;preferred_min_total_trades
5,2,2,1.25,12,0,0,31,0,0,0,0,0,0,0,31,21.24133007467516,-1717.2,0.574592478818808,-0.242641274496113,2229.800000000003,0.0442694684010737,-0.023661816423555,-0.534495156101335,0.4193548387096774,0,0,False,-306.2,0.0,5,False,min_total_net_profit;min_trades_per_year;preferred_min_total_trades
6,2,2,1.25,16,0,0,31,0,0,0,0,0,0,0,31,21.24133007467516,-2367.1999999999994,0.4641676852732129,-0.3669081366662011,2954.800000000003,0.0585760787252348,-0.0326872054521049,-0.5580299358281061,0.3870967741935484,0,0,False,-306.2,0.0,5,False,min_total_net_profit;min_trades_per_year;preferred_min_total_trades
7,2,2,1.5,8,0,0,73,0,0,0,0,0,0,0,73,50.02016696370055,-4452.6,0.5308805866363232,-0.2331070286146837,5334.499999999993,0.1052416642170448,-0.0619096013268662,-0.588261329649702,0.3561643835616438,0,0,False,-562.4,0.0,5,False,min_total_net_profit;max_drawdown_pct;preferred_min_total_trades
8,2,2,1.5,12,0,0,73,0,0,0,0,0,0,0,73,50.019906304880216,-4365.1,0.5761133445978752,-0.2178166638178724,4877.699999999997,0.0968397102968503,-0.0606748258950434,-0.6265490232163248,0.3972602739726027,0,0,False,-737.4,0.0,5,False,min_total_net_profit;preferred_min_total_trades
9,2,2,1.5,16,0,0,72,0,0,0,0,0,0,0,72,49.334702108922954,-4396.400000000001,0.5956515341034508,-0.2320369309339897,5503.5999999999985,0.10799122507525,-0.0611163252831364,-0.5659378828284394,0.3888888888888889,0,0,False,-737.4,0.0,5,False,min_total_net_profit;max_drawdown_pct;min_trades_per_year;preferred_min_total_trades
10,2,3,1.0,8,0,0,5,0,0,0,0,0,0,0,5,4.647210282764297,-406.0,0.3436792757840285,-0.4446428571428571,618.5999999999985,0.0123196169885645,-0.0075492377634542,-0.6127818559993947,0.4,0,0,False,-206.2,0.0,3,False,min_total_net_profit;min_trades_per_year;preferred_min_total_trades
11,2,3,1.0,12,0,0,5,0,0,0,0,0,0,0,5,4.647210282764297,-406.0,0.3436792757840285,-0.4446428571428571,618.5999999999985,0.0123196169885645,-0.0075492377634542,-0.6127818559993947,0.4,0,0,False,-206.2,0.0,3,False,min_total_net_profit;min_trades_per_year;preferred_min_total_trades
12,2,3,1.0,16,0,0,5,0,0,0,0,0,0,0,5,4.647210282764297,-406.0,0.3436792757840285,-0.4446428571428571,618.5999999999985,0.0123196169885645,-0.0075492377634542,-0.6127818559993947,0.4,0,0,False,-206.2,0.0,3,False,min_total_net_profit;min_trades_per_year;preferred_min_total_trades
13,2,3,1.25,8,0,0,31,0,0,0,0,0,0,0,31,21.241440765407084,-1879.7,0.5292276096974555,-0.2602773122934413,2242.300000000003,0.0446951093109662,-0.0259146921705888,-0.5798104662925726,0.3870967741935484,0,0,False,-306.2,0.0,5,False,min_total_net_profit;min_trades_per_year;preferred_min_total_trades
14,2,3,1.25,12,0,0,31,0,0,0,0,0,0,0,31,21.24133007467516,-1767.2,0.567562276709245,-0.2417452171484428,2279.800000000003,0.0452621464080939,-0.0243547133892716,-0.5380812736913518,0.4193548387096774,0,0,False,-306.2,0.0,5,False,min_total_net_profit;min_trades_per_year;preferred_min_total_trades
15,2,3,1.25,16,0,0,31,0,0,0,0,0,0,0,31,21.24133007467516,-2417.1999999999994,0.4589730963785309,-0.3660120793185309,3004.800000000003,0.0595672808154818,-0.0333830666496707,-0.5604262305187229,0.3870967741935484,0,0,False,-306.2,0.0,5,False,min_total_net_profit;min_trades_per_year;preferred_min_total_trades
16,2,3,1.5,8,0,0,72,0,0,0,0,0,0,0,72,49.33495919707452,-3946.4,0.5567834681042227,-0.2101265927246319,4578.300000000003,0.0909623736882051,-0.0547782990611578,-0.6022083290056096,0.375,0,0,False,-562.4,0.0,6,False,min_total_net_profit;min_trades_per_year;preferred_min_total_trades
17,2,3,1.5,12,0,0,72,0,0,0,0,0,0,0,72,49.334702108922954,-4183.900000000001,0.5770249504630192,-0.2133848846777768,4802.800000000003,0.0953526786423342,-0.0581207956805209,-0.6095350073859047,0.4027777777777778,0,0,False,-737.4,0.0,5,False,min_total_net_profit;min_trades_per_year;preferred_min_total_trades
18,2,3,1.5,16,0,0,71,0,0,0,0,0,0,0,71,48.649497912965685,-4240.2,0.5958481070570742,-0.229755090256333,5097.399999999994,0.1007249970853891,-0.0589140081538154,-0.5848995766549526,0.3943661971830985,0,0,False,-737.4,0.0,6,False,min_total_net_profit;max_drawdown_pct;min_trades_per_year;preferred_min_total_trades
19,4,2,1.0,8,0,0,1,0,0,0,0,0,0,0,1,365.25,106.3,inf,0.5625,0.0,0.0,1.1721060475316571,inf,1.0,0,0,True,106.3,1.0,0,False,preferred_min_total_trades;max_best_day_concentration
20,4,2,1.0,12,0,0,1,0,0,0,0,0,0,0,1,365.25,106.3,inf,0.5625,0.0,0.0,1.1721060475316571,inf,1.0,0,0,True,106.3,1.0,0,False,preferred_min_total_trades;max_best_day_concentration
21,4,2,1.0,16,0,0,1,0,0,0,0,0,0,0,1,365.25,106.3,inf,0.5625,0.0,0.0,1.1721060475316571,inf,1.0,0,0,True,106.3,1.0,0,False,preferred_min_total_trades;max_best_day_concentration
22,4,2,1.25,8,0,0,14,0,0,0,0,0,0,0,14,10.632865330382035,-1774.3000000000002,0.2488145639288739,-0.5655573593073593,1943.1000000000056,0.0387312433225432,-0.0270680084612728,-0.6988675327527678,0.2857142857142857,0,0,False,-306.2,0.0,4,False,min_total_net_profit;min_trades_per_year;preferred_min_total_trades
23,4,2,1.25,12,0,0,14,0,0,0,0,0,0,0,14,10.632854837253046,-1749.3000000000002,0.3104848245959796,-0.5691648629148629,2118.100000000006,0.0420518257333906,-0.0266849468626455,-0.6345728490322542,0.2857142857142857,0,0,False,-306.2,0.0,4,False,min_total_net_profit;min_trades_per_year;preferred_min_total_trades
24,4,2,1.25,16,0,0,14,0,0,0,0,0,0,0,14,10.632854837253046,-1674.3000000000002,0.3400472999605834,-0.5496843434343434,2118.100000000006,0.0419893029470421,-0.0255361273602303,-0.6081579251848285,0.2857142857142857,0,0,False,-306.2,0.0,4,False,min_total_net_profit;min_trades_per_year;preferred_min_total_trades
25,4,2,1.5,8,0,0,37,0,0,0,0,0,0,0,37,26.86805718011245,-4016.8999999999983,0.3406703433786358,-0.4463189411718823,4204.799999999996,0.0837811504366589,-0.0590031938848348,-0.7042538038367361,0.2702702702702703,0,0,False,-381.2,0.0,8,False,min_total_net_profit;min_trades_per_year;preferred_min_total_trades
26,4,2,1.5,12,0,0,37,0,0,0,0,0,0,0,37,26.86805718011245,-3616.8999999999983,0.4413018628935094,-0.3806087791381909,3985.699999999997,0.0791303346516096,-0.0530661703364847,-0.6706172869117935,0.3513513513513513,0,0,False,-737.4,0.0,6,False,min_total_net_profit;min_trades_per_year;preferred_min_total_trades
27,4,2,1.5,16,0,0,36,0,0,0,0,0,0,0,36,26.141893472541845,-3285.699999999999,0.4963518194917074,-0.3482274012298522,3729.5,0.0739337639115213,-0.0481609196337405,-0.6514063005283506,0.3333333333333333,0,0,False,-737.4,0.0,8,False,min_total_net_profit;min_trades_per_year;preferred_min_total_trades
28,4,3,1.0,8,0,0,1,0,0,0,0,0,0,0,1,365.25,106.3,inf,0.5625,0.0,0.0,1.1721060475316571,inf,1.0,0,0,True,106.3,1.0,0,False,preferred_min_total_trades;max_best_day_concentration
29,4,3,1.0,12,0,0,1,0,0,0,0,0,0,0,1,365.25,106.3,inf,0.5625,0.0,0.0,1.1721060475316571,inf,1.0,0,0,True,106.3,1.0,0,False,preferred_min_total_trades;max_best_day_concentration
30,4,3,1.0,16,0,0,1,0,0,0,0,0,0,0,1,365.25,106.3,inf,0.5625,0.0,0.0,1.1721060475316571,inf,1.0,0,0,True,106.3,1.0,0,False,preferred_min_total_trades;max_best_day_concentration
31,4,3,1.25,8,0,0,14,0,0,0,0,0,0,0,14,10.632865330382035,-1824.3,0.2436567164179105,-0.5635732323232322,1993.1000000000056,0.0397278786815711,-0.0278342230083947,-0.700621929287819,0.2857142857142857,0,0,False,-306.2,0.0,4,False,min_total_net_profit;min_trades_per_year;preferred_min_total_trades
32,4,3,1.25,12,0,0,14,0,0,0,0,0,0,0,14,10.632854837253046,-1799.3000000000002,0.3044839582528025,-0.567180735930736,2168.100000000006,0.0430445037404108,-0.0274510651246436,-0.6377368244315986,0.2857142857142857,0,0,False,-306.2,0.0,4,False,min_total_net_profit;min_trades_per_year;preferred_min_total_trades
33,4,3,1.25,16,0,0,14,0,0,0,0,0,0,0,14,10.632854837253046,-1724.3000000000002,0.333475067645922,-0.5477002164502164,2168.100000000006,0.0429805050372891,-0.0263019593404224,-0.6119509139690968,0.2857142857142857,0,0,False,-306.2,0.0,4,False,min_total_net_profit;min_trades_per_year;preferred_min_total_trades
34,4,3,1.5,8,0,0,38,0,0,0,0,0,0,0,38,26.193650436187927,-3385.5999999999985,0.4091448516579407,-0.3630459281001076,3679.5999999999913,0.0733167688497379,-0.0471804065191698,-0.6435145364338917,0.3421052631578947,0,0,False,-381.2,0.0,7,False,min_total_net_profit;min_trades_per_year;preferred_min_total_trades
35,4,3,1.5,12,0,0,38,0,0,0,0,0,0,0,38,26.193650436187927,-3085.5999999999985,0.5037313432835824,-0.3057901270556069,3560.7000000000044,0.0706925715919379,-0.0429576983454724,-0.6076691988719721,0.3947368421052631,0,0,False,-737.4,0.0,6,False,min_total_net_profit;min_trades_per_year;preferred_min_total_trades
36,4,3,1.5,16,0,0,37,0,0,0,0,0,0,0,37,25.50434384576193,-2854.3999999999987,0.5445784670368246,-0.2842738078032196,3404.5,0.067490950324916,-0.0397091200866353,-0.5883621418200069,0.3783783783783784,0,0,False,-737.4,0.0,7,False,min_total_net_profit;min_trades_per_year;preferred_min_total_trades
37,6,2,1.0,8,0,0,0,0,0,0,0,0,0,0,0,0.0,0.0,0.0,0.0,0.0,0.0,0.0,0.0,0.0,0,0,False,0.0,0.0,0,False,min_trades_per_year;preferred_min_total_trades
38,6,2,1.0,12,0,0,0,0,0,0,0,0,0,0,0,0.0,0.0,0.0,0.0,0.0,0.0,0.0,0.0,0.0,0,0,False,0.0,0.0,0,False,min_trades_per_year;preferred_min_total_trades
39,6,2,1.0,16,0,0,0,0,0,0,0,0,0,0,0,0.0,0.0,0.0,0.0,0.0,0.0,0.0,0.0,0.0,0,0,False,0.0,0.0,0,False,min_trades_per_year;preferred_min_total_trades
40,6,2,1.25,8,0,0,3,0,0,0,0,0,0,0,3,4.10186607506552,31.40000000000003,1.1116642958748224,0.0469696969696969,281.1999999999971,0.0056239999999999,0.0008587563130542,0.152694934753595,0.6666666666666666,0,0,True,-281.2,4.977707006369422,1,False,min_trades_per_year;preferred_min_total_trades;max_best_day_concentration
41,6,2,1.25,12,0,0,3,0,0,0,0,0,0,0,3,4.10186607506552,31.40000000000003,1.1116642958748224,0.0469696969696969,281.1999999999971,0.0056239999999999,0.0008587563130542,0.152694934753595,0.6666666666666666,0,0,True,-281.2,4.977707006369422,1,False,min_trades_per_year;preferred_min_total_trades;max_best_day_concentration
42,6,2,1.25,16,0,0,3,0,0,0,0,0,0,0,3,4.10186607506552,31.40000000000003,1.1116642958748224,0.0469696969696969,281.1999999999971,0.0056239999999999,0.0008587563130542,0.152694934753595,0.6666666666666666,0,0,True,-281.2,4.977707006369422,1,False,min_trades_per_year;preferred_min_total_trades;max_best_day_concentration
43,6,2,1.5,8,0,0,8,0,0,0,0,0,0,0,8,6.888892730738164,-1599.6,0.163476623784123,-0.6200805322128851,1599.5999999999983,0.0319919999999999,-0.0276106421106487,-0.8630483280397853,0.25,0,0,False,-381.2,0.0,4,False,min_total_net_profit;min_trades_per_year;preferred_min_total_trades
44,6,2,1.5,12,0,0,8,0,0,0,0,0,0,0,8,6.888892730738164,-1749.6,0.1515856851905732,-0.6641981792717087,1749.5999999999983,0.0349919999999999,-0.0302062286224135,-0.8632324137635328,0.25,0,0,False,-456.2,0.0,4,False,min_total_net_profit;min_trades_per_year;preferred_min_total_trades
45,6,2,1.5,16,0,0,8,0,0,0,0,0,0,0,8,6.888892730738164,-1749.6,0.1515856851905732,-0.6641981792717087,1749.5999999999983,0.0349919999999999,-0.0302062286224135,-0.8632324137635328,0.25,0,0,False,-456.2,0.0,4,False,min_total_net_profit;min_trades_per_year;preferred_min_total_trades
46,6,3,1.0,8,0,0,0,0,0,0,0,0,0,0,0,0.0,0.0,0.0,0.0,0.0,0.0,0.0,0.0,0.0,0,0,False,0.0,0.0,0,False,min_trades_per_year;preferred_min_total_trades
47,6,3,1.0,12,0,0,0,0,0,0,0,0,0,0,0,0.0,0.0,0.0,0.0,0.0,0.0,0.0,0.0,0.0,0,0,False,0.0,0.0,0,False,min_trades_per_year;preferred_min_total_trades
48,6,3,1.0,16,0,0,0,0,0,0,0,0,0,0,0,0.0,0.0,0.0,0.0,0.0,0.0,0.0,0.0,0.0,0,0,False,0.0,0.0,0,False,min_trades_per_year;preferred_min_total_trades
49,6,3,1.25,8,0,0,3,0,0,0,0,0,0,0,3,4.10186607506552,31.40000000000003,1.1116642958748224,0.0469696969696969,281.1999999999971,0.0056239999999999,0.0008587563130542,0.152694934753595,0.6666666666666666,0,0,True,-281.2,4.977707006369422,1,False,min_trades_per_year;preferred_min_total_trades;max_best_day_concentration
50,6,3,1.25,12,0,0,3,0,0,0,0,0,0,0,3,4.10186607506552,31.40000000000003,1.1116642958748224,0.0469696969696969,281.1999999999971,0.0056239999999999,0.0008587563130542,0.152694934753595,0.6666666666666666,0,0,True,-281.2,4.977707006369422,1,False,min_trades_per_year;preferred_min_total_trades;max_best_day_concentration
51,6,3,1.25,16,0,0,3,0,0,0,0,0,0,0,3,4.10186607506552,31.40000000000003,1.1116642958748224,0.0469696969696969,281.1999999999971,0.0056239999999999,0.0008587563130542,0.152694934753595,0.6666666666666666,0,0,True,-281.2,4.977707006369422,1,False,min_trades_per_year;preferred_min_total_trades;max_best_day_concentration
52,6,3,1.5,8,0,0,8,0,0,0,0,0,0,0,8,6.0866282173127715,-1124.6,0.2886780518659076,-0.4096638655462185,1274.800000000003,0.025496,-0.0171590163421792,-0.6730081715633497,0.375,0,0,False,-381.2,0.0,4,False,min_total_net_profit;min_trades_per_year;preferred_min_total_trades
53,6,3,1.5,12,0,0,8,0,0,0,0,0,0,0,8,6.086570528491392,-1699.6,0.1553523506609681,-0.666281512605042,1699.5999999999983,0.0339919999999999,-0.0259684734697152,-0.763958386376654,0.25,0,0,False,-456.2,0.0,4,False,min_total_net_profit;min_trades_per_year;preferred_min_total_trades
54,6,3,1.5,16,0,0,8,0,0,0,0,0,0,0,8,6.086570528491392,-1699.6,0.1553523506609681,-0.666281512605042,1699.5999999999983,0.0339919999999999,-0.0259684734697152,-0.763958386376654,0.25,0,0,False,-456.2,0.0,4,False,min_total_net_profit;min_trades_per_year;preferred_min_total_trades
