category,metric,unit,total,long,short,total_reason,long_reason,short_reason
profitability,net_profit_after_costs,currency,-1767.2,-1549.0,-218.1999999999999,,,
profitability,gross_profit,currency,2319.4,1356.6,962.8,,,
profitability,gross_loss,currency,4086.5999999999995,2905.5999999999995,1181.0,,,
profitability,profit_factor,ratio,0.567562276709245,0.4668915198237886,0.8152413209144792,,,
activity,total_trades,count,31.0,20.0,11.0,,,
activity,winning_trades,count,13.0,7.0,6.0,,,
activity,losing_trades,count,18.0,13.0,5.0,,,
activity,breakeven_trades,count,0.0,0.0,0.0,,,
activity,percent_profitable,fraction,0.41935483870967744,0.35,0.5454545454545454,,,
trade_quality,average_trade,currency,-57.00645161290323,-77.45,-19.83636363636363,,,
trade_quality,median_trade,currency,-206.2,-206.2,106.3,,,
trade_quality,average_winning_trade,currency,178.41538461538462,193.79999999999998,160.46666666666667,,,
trade_quality,average_losing_trade,currency,-227.0333333333333,-223.50769230769225,-236.2,,,
trade_quality,payoff_ratio,ratio,0.7858554600589546,0.8670842511013217,0.6793677674287327,,,
trade_quality,largest_winning_trade,currency,368.8,368.8,343.8,,,
trade_quality,largest_losing_trade,currency,-306.2,-306.2,-256.2,,,
distribution,pnl_standard_deviation,currency,215.056569202127,216.32015138386168,217.90583871354744,,,
distribution,pnl_downside_deviation,currency,233.7029120723811,232.23905455701984,237.46671345685482,,,
distribution,pnl_skewness,ratio,0.48053355039568174,0.7159624179561195,0.13454772467904746,,,
distribution,pnl_excess_kurtosis,ratio,-1.356239391041956,-1.0989733013133267,-1.5889912674330144,,,
streaks,max_consecutive_winners,count,2.0,1.0,3.0,,,
streaks,max_consecutive_losers,count,5.0,4.0,2.0,,,
risk,max_drawdown,currency,2279.800000000003,2061.600000000006,624.6999999999971,,,
risk,max_drawdown_pct,fraction,0.04526214640809396,0.04093009958545778,0.012393242934938889,,,
risk,recovery_factor,ratio,-0.7751557154136318,-0.7513581684128811,-0.3492876580758779,,,
risk,expectancy_to_drawdown,ratio,-0.025005023077859092,-0.03756790842064406,-0.03175342346144345,,,
returns,return_on_initial_capital,fraction,-0.035344,-0.03098,-0.004363999999999998,,,
returns,ending_equity,currency,48232.8,48451.0,49781.8,,,
risk,ulcer_index,fraction,0.021778411937232803,0.023721976813253557,0.005842219699299785,,,
risk,value_at_risk_95,currency,-268.7,-282.45,-256.2,,,
risk,conditional_value_at_risk_95,currency,-293.7,-306.2,-256.2,,,
quality,system_quality_number,ratio,-1.4758837217541616,-1.6011773637310691,-0.3019183688480844,,,
quality,trade_pnl_t_statistic,ratio,-1.4758837217541616,-1.6011773637310693,-0.3019183688480844,,,
quality,kelly_fraction,fraction,-0.31951533627996104,-0.39963880288957687,-0.12361672394908785,,,
excursion,average_mae,price_or_currency,1.346774193548387,1.5,1.0681818181818181,,,
excursion,average_mfe,price_or_currency,2.0161290322580645,1.925,2.1818181818181817,,,
excursion,mfe_mae_ratio,ratio,1.4970059880239521,1.2833333333333334,2.0425531914893615,,,
r_multiple,average_r_multiple,R,-0.24174521714844288,-0.36294913419913416,-0.02137445887445886,,,
r_multiple,r_multiple_standard_deviation,R,1.031196716171097,0.9989388462912503,1.1006043202261226,,,
costs,total_transaction_costs,currency,1542.2000000000005,1024.0000000000002,518.2,,,
costs,transaction_cost_per_trade,currency,49.74838709677421,51.20000000000001,47.10909090909092,,,
duration,average_duration_minutes,minutes,23.691661635000003,20.624993714583333,7.292178716666666,,,
duration,median_duration_minutes,minutes,31.941658325000002,22.53332495833333,5.966667308333333,,,
duration,minimum_duration_minutes,minutes,1.2333333166666667,1.2333333166666667,2.1333374833333334,,,
duration,maximum_duration_minutes,minutes,36.01666651666667,36.01666651666667,14.469733333333332,,,
concentration,largest_winner_contribution,fraction,0.15900663964818487,0.2718561108653988,0.35708350643955133,,,
concentration,largest_loser_contribution,fraction,0.07492781285175941,0.10538270925110134,0.21693480101608806,,,
trade_quality,win_loss_size_efficiency,ratio,0.7858554600589546,0.8670842511013217,0.6793677674287327,,,
activity,trade_share,fraction,1.0,0.6451612903225806,0.3548387096774194,,,
