sequence,trade_id,exit_timestamp,net_pnl,equity
1,1,2021-07-13 18:00:28.576000+00:00,-189.97,49810.03
2,2,2021-07-13 19:11:14.102037+00:00,-190.89,49619.14
3,3,2021-07-16 14:08:33.884000+00:00,-192.24,49426.9
4,4,2021-07-16 14:59:15.149000+00:00,-188.16,49238.74
5,5,2021-07-16 15:16:45.101130+00:00,-171.12,49067.62
6,6,2021-07-16 15:54:00.155000+00:00,159.57,49227.19
7,7,2021-07-16 18:29:57.771043+00:00,-189.18,49038.01
8,8,2021-07-16 19:23:58.401000+00:00,-189.97,48848.04
9,9,2021-07-19 15:15:00.002000+00:00,128.19,48976.23
10,10,2021-07-19 17:49:49.026000+00:00,-185.2,48791.03
11,11,2021-07-19 18:27:00.107000+00:00,167.86,48958.89
12,12,2021-07-19 18:45:27.352035+00:00,-189.97,48768.92
13,13,2021-07-19 19:20:22.159000+00:00,217.07,48985.99
14,14,2021-07-19 19:54:00.010000+00:00,481.84,49467.83
15,15,2021-07-20 14:18:03.136000+00:00,-190.89,49276.94
16,16,2021-07-21 14:45:00.005000+00:00,-42.93,49234.01
17,17,2021-07-21 17:50:55.084000+00:00,-196.32,49037.69
18,18,2021-07-22 14:26:14.226010+00:00,81.97,49119.66
19,19,2021-07-22 14:34:04.178000+00:00,-196.32,48923.34
20,20,2021-07-26 18:00:37.175000+00:00,-187.34,48736.0
21,21,2021-07-27 14:52:08.983002+00:00,-192.24,48543.76
22,22,2021-07-28 13:46:02.111055+00:00,-189.28,48354.48
23,23,2021-07-28 14:05:14.984000+00:00,83.55,48438.03
24,24,2021-07-28 15:02:02.673000+00:00,-185.2,48252.83
25,25,2021-07-28 15:48:00.232000+00:00,35.82,48288.65
26,26,2021-07-28 18:00:04.507129+00:00,-185.2,48103.45
27,27,2021-07-28 18:39:37.164000+00:00,152.2,48255.65
28,28,2021-07-28 18:39:49.227000+00:00,-189.97,48065.68
29,29,2021-07-30 14:33:45.156000+00:00,306.84,48372.52
30,30,2021-07-30 14:43:58.181000+00:00,102.53,48475.05
31,31,2021-07-30 18:36:50.349003+00:00,-192.01,48283.04
32,32,2021-07-30 19:21:00.331000+00:00,172.53,48455.57
33,33,2021-08-02 19:07:01.040000+00:00,-185.2,48270.37
34,34,2021-08-03 14:41:01.086000+00:00,165.03,48435.4
35,35,2021-08-03 15:27:00.369000+00:00,197.07,48632.47
36,36,2021-08-03 18:51:00.008000+00:00,16.28,48648.75
37,37,2021-08-04 18:34:08.367000+00:00,-187.34,48461.409999999996
38,38,2021-08-06 15:40:09.710067+00:00,64.7,48526.11
39,39,2021-08-06 18:15:00.026000+00:00,3.91,48530.02
40,40,2021-08-10 15:33:00.015000+00:00,152.3,48682.32
41,41,2021-08-16 13:46:00.319000+00:00,-189.28,48493.04
42,42,2021-08-16 15:31:47.631077+00:00,-189.28,48303.76
43,43,2021-08-17 14:14:09.700028+00:00,317.53,48621.29
44,44,2021-08-17 14:42:24.849000+00:00,83.55,48704.84
45,45,2021-08-17 15:11:35.232090+00:00,316.28,49021.12
46,46,2021-08-17 18:21:17.545000+00:00,-192.01,48829.11
47,47,2021-08-17 18:35:24.835000+00:00,-178.62,48650.49
48,48,2021-08-18 14:18:44.832000+00:00,-192.01,48458.48
49,49,2021-08-18 14:51:25.170000+00:00,91.84,48550.32
50,50,2021-08-18 15:13:12.994000+00:00,-192.24,48358.08
51,51,2021-08-19 14:58:12.635000+00:00,537.07,48895.15
52,52,2021-08-19 15:24:58.851028+00:00,-189.97,48705.18
53,53,2021-08-19 19:18:00.540000+00:00,454.11,49159.29
54,54,2021-08-19 19:28:26.502000+00:00,-192.24,48967.05
55,55,2021-08-20 14:19:24.178000+00:00,-178.62,48788.43
56,56,2021-08-20 14:35:47.013064+00:00,-167.6,48620.83
57,57,2021-08-23 13:50:24.181000+00:00,-189.28,48431.55
58,58,2021-08-23 15:51:00.011000+00:00,-78.26,48353.29
59,59,2021-08-26 18:59:17.428000+00:00,-177.93,48175.36
60,60,2021-08-27 14:31:29.856049+00:00,-189.97,47985.39
61,61,2021-08-27 14:50:21.932000+00:00,-177.93,47807.46
62,62,2021-08-27 19:47:01.121000+00:00,-184.05,47623.41
63,63,2021-08-30 15:51:00.006000+00:00,-11.22,47612.19
64,64,2021-08-31 15:16:15.180000+00:00,-187.34,47424.85
65,65,2021-09-03 15:32:46.652094+00:00,-176.22,47248.63
66,66,2021-09-07 14:25:53.679000+00:00,-187.34,47061.29
67,67,2021-09-07 14:30:11.022000+00:00,-172.7,46888.59
68,68,2021-09-07 15:06:00.017000+00:00,133.55,47022.14
69,69,2021-09-07 19:01:32.549000+00:00,-187.34,46834.8
70,70,2021-09-08 15:33:00.190000+00:00,173.88,47008.68
71,71,2021-09-09 14:03:16.036001+00:00,-177.24,46831.44
72,72,2021-09-10 15:51:16.007019+00:00,-164.64,46666.8
73,73,2021-09-10 19:08:55.984004+00:00,-172.7,46494.1
74,74,2021-09-13 13:55:53.290000+00:00,76.38,46570.48
75,75,2021-09-13 15:09:00.338000+00:00,256.38,46826.86
76,76,2021-09-13 15:51:09.929000+00:00,-178.16,46648.700000000004
77,77,2021-09-13 17:50:37.344000+00:00,-164.64,46484.06
78,78,2021-09-13 18:11:25.914000+00:00,-178.62,46305.44
79,79,2021-09-14 14:56:27.051000+00:00,-177.93,46127.51
80,80,2021-09-14 15:33:00.528000+00:00,329.57,46457.08
81,81,2021-09-14 18:15:00.062000+00:00,-138.16,46318.92
82,82,2021-09-15 14:15:18.177000+00:00,-168.16,46150.76
83,83,2021-09-16 14:53:32.657098+00:00,-176.22,45974.54
84,84,2021-09-16 15:36:00.015000+00:00,-9.08,45965.46
85,85,2021-09-17 15:10:56.029082+00:00,-173.39,45792.07
86,86,2021-09-17 15:29:41.647000+00:00,91.38,45883.450000000004
87,87,2021-09-17 17:46:01.454000+00:00,-171.78,45711.670000000006
88,88,2021-09-17 18:14:51.646000+00:00,-173.39,45538.28
89,89,2021-09-17 18:58:13.389019+00:00,-175.76,45362.520000000004
90,90,2021-09-17 19:11:45.287000+00:00,-166.68,45195.840000000004
91,91,2021-09-17 19:49:32.449000+00:00,-163.62,45032.22
92,92,2021-09-20 14:40:56.310000+00:00,132.07,45164.29
93,93,2021-09-20 14:41:46.053000+00:00,-177.93,44986.36
94,94,2021-09-20 14:45:01.438000+00:00,-166.68,44819.68
95,95,2021-09-20 14:55:42.694000+00:00,72.63,44892.31
96,96,2021-09-21 14:01:53.323094+00:00,-177.93,44714.380000000005
97,97,2021-09-21 14:37:39.314000+00:00,-168.16,44546.22
98,98,2021-09-21 14:46:03.796000+00:00,-173.39,44372.83
99,99,2021-09-21 17:54:04.670049+00:00,-156.12,44216.71
100,100,2021-09-21 18:36:22.815000+00:00,-166.68,44050.03
101,101,2021-09-21 19:15:00.005000+00:00,538.32,44588.35
102,102,2021-09-22 15:30:35.014000+00:00,-164.64,44423.71
103,103,2021-09-22 18:29:29.610016+00:00,-172.7,44251.01
104,104,2021-09-22 18:50:01.466003+00:00,295.92,44546.93
105,105,2021-09-23 14:15:00.009000+00:00,-178.16,44368.770000000004
106,106,2021-09-23 14:25:32.048031+00:00,-161.35,44207.42
107,107,2021-09-23 14:50:14.356000+00:00,-168.16,44039.26
108,108,2021-09-23 18:32:31.031000+00:00,-172.7,43866.56
109,109,2021-09-24 15:25:31.205000+00:00,96.84,43963.4
110,110,2021-09-24 15:36:11.930000+00:00,-168.16,43795.24
111,111,2021-09-24 16:12:00.099000+00:00,191.61,43986.85
112,112,2021-09-27 15:42:00.008000+00:00,321.05,44307.9
113,113,2021-09-27 18:17:31.684000+00:00,-172.7,44135.2
114,114,2021-09-28 15:28:53.247017+00:00,-171.12,43964.08
115,115,2021-09-28 18:48:00.041000+00:00,816.84,44780.92
116,116,2021-09-28 19:01:13.167000+00:00,-168.16,44612.76
117,117,2021-09-28 19:07:32.013000+00:00,-148.85,44463.91
118,119,2021-09-29 14:09:57.249000+00:00,-178.62,44285.29
119,120,2021-09-29 18:10:18.745000+00:00,339.9,44625.19
120,121,2021-09-29 19:21:00.686000+00:00,76.38,44701.57
121,122,2021-09-30 15:32:46.040000+00:00,-164.64,44536.93
122,123,2021-10-01 14:45:34.399022+00:00,-156.81,44380.12
123,124,2021-10-01 15:22:18.214000+00:00,330.69,44710.81
124,125,2021-10-04 15:22:49.866000+00:00,-159.08,44551.729999999996
125,126,2021-10-04 19:42:00.107000+00:00,275.13,44826.86
126,127,2021-10-05 18:03:46.152094+00:00,-177.93,44648.93
127,128,2021-10-05 18:48:00.190094+00:00,-176.32,44472.61
128,129,2021-10-05 19:27:00.242000+00:00,598.22,45070.83
129,130,2021-10-06 14:18:13.741000+00:00,-172.7,44898.13
130,131,2021-10-06 14:54:57.649000+00:00,96.15,44994.28
131,132,2021-10-07 18:00:52.123000+00:00,-176.32,44817.96
132,133,2021-10-07 18:20:05.352000+00:00,-177.24,44640.72
133,134,2021-10-07 19:25:12.337000+00:00,-166.68,44474.04
134,135,2021-10-08 13:45:33.514009+00:00,126.84,44600.88
135,136,2021-10-08 14:17:46.582000+00:00,-177.24,44423.64
136,137,2021-10-08 18:31:29.142000+00:00,338.32,44761.96
137,138,2021-10-11 15:03:00.021000+00:00,8.879999999999999,44770.84
138,139,2021-10-12 14:03:36.010000+00:00,-167.6,44603.24
139,140,2021-10-12 19:00:00.009000+00:00,332.76,44936.0
140,141,2021-10-12 19:42:43.160000+00:00,-177.24,44758.76
141,142,2021-10-13 18:51:00.236000+00:00,252.63,45011.39
142,143,2021-10-14 14:00:05.439058+00:00,-177.24,44834.15
143,144,2021-10-14 14:47:35.866000+00:00,-168.16,44665.99
144,145,2021-10-14 18:53:23.427000+00:00,-171.78,44494.21
145,146,2021-10-14 19:36:00.014000+00:00,181.74,44675.95
146,147,2021-10-15 15:39:00.014000+00:00,85.03,44760.98
147,148,2021-10-15 19:28:19.326000+00:00,-176.32,44584.66
148,149,2021-10-18 14:08:55.160033+00:00,-175.76,44408.9
149,150,2021-10-18 14:27:20.483000+00:00,-166.68,44242.22
150,151,2021-10-18 15:05:53.127000+00:00,-176.22,44066.0
151,152,2021-10-18 19:12:11.984065+00:00,-175.76,43890.24
152,153,2021-10-18 19:21:21.445067+00:00,-176.22,43714.02
153,155,2021-10-20 15:51:17.618013+00:00,-176.22,43537.8
154,156,2021-10-21 18:59:59.426000+00:00,-162.47,43375.33
155,157,2021-10-22 15:06:11.064034+00:00,62.76,43438.09
156,158,2021-10-25 14:24:00.006000+00:00,309.57,43747.659999999996
157,159,2021-10-25 14:27:10.636000+00:00,71.84,43819.5
158,160,2021-10-25 14:49:29.048000+00:00,-166.68,43652.82
159,161,2021-10-25 15:02:39.198000+00:00,-176.22,43476.6
160,162,2021-10-26 15:27:06.455000+00:00,-172.7,43303.9
161,163,2021-10-26 16:00:24.936000+00:00,266.84,43570.74
162,164,2021-10-27 15:36:00.180000+00:00,133.55,43704.29
163,165,2021-10-28 19:03:00.012000+00:00,413.68,44117.97
164,166,2021-10-29 15:06:07.127019+00:00,-176.22,43941.75
165,167,2021-10-29 18:54:00.017000+00:00,51.74,43993.49
166,168,2021-11-01 14:32:45.496000+00:00,-155.1,43838.39
167,169,2021-11-01 15:33:00.201000+00:00,365.82,44204.21
168,170,2021-11-02 14:26:26.315000+00:00,-175.76,44028.45
169,171,2021-11-02 14:39:01.669000+00:00,-172.7,43855.75
170,172,2021-11-02 14:51:18.085037+00:00,-175.76,43679.99
171,173,2021-11-02 15:28:19.067000+00:00,-176.22,43503.77
172,174,2021-11-02 19:42:00.429000+00:00,22.2,43525.97
173,175,2021-11-09 16:04:03.089001+00:00,76.61,43602.579999999994
174,176,2021-11-09 18:48:10.806000+00:00,-158.16,43444.42
175,177,2021-11-09 19:48:00.112000+00:00,252.3,43696.72
176,178,2021-11-10 15:39:16.588000+00:00,127.3,43824.02
177,179,2021-11-10 15:51:33.436002+00:00,81.84,43905.86
178,180,2021-11-15 19:03:38.100000+00:00,-172.7,43733.159999999996
179,181,2021-11-15 20:35:46.523000+00:00,-175.76,43557.399999999994
180,182,2021-11-16 19:50:44.956000+00:00,-175.76,43381.64
181,183,2021-11-16 20:36:00.026000+00:00,-66.22,43315.42
182,184,2021-11-17 18:57:21.043000+00:00,-165.3,43150.119999999995
183,185,2021-11-17 19:34:59.989000+00:00,265.26,43415.38
184,186,2021-11-18 16:09:00.011000+00:00,89.11,43504.49
185,187,2021-11-18 16:45:00.086000+00:00,327.63,43832.119999999995
186,188,2021-11-19 19:24:00.034000+00:00,185.36,44017.479999999996
187,189,2021-11-19 20:44:25.221000+00:00,-177.24,43840.24
188,190,2021-11-22 15:54:00.019000+00:00,126.28,43966.52
189,191,2021-11-22 16:28:00.340000+00:00,-172.7,43793.82
190,192,2021-11-22 16:42:36.721000+00:00,-158.16,43635.659999999996
191,193,2021-11-23 15:14:32.109000+00:00,-159.08,43476.579999999994
192,194,2021-11-23 18:43:43.271000+00:00,-158.16,43318.42
193,195,2021-11-23 19:21:00.005000+00:00,231.84,43550.259999999995
194,196,2021-11-23 19:54:16.781059+00:00,-148.85,43401.409999999996
195,197,2021-11-23 20:06:22.325000+00:00,-163.62,43237.78999999999
196,198,2021-11-23 20:37:08.424000+00:00,-164.08,43073.71
197,199,2021-11-24 16:09:40.193000+00:00,-167.6,42906.11
198,200,2021-11-24 19:43:11.530000+00:00,-156.12,42749.99
199,201,2021-11-29 16:31:05.881000+00:00,222.63,42972.619999999995
200,202,2021-12-01 15:43:23.533000+00:00,49.44,43022.06
201,203,2021-12-01 16:10:32.619000+00:00,-155.89,42866.17
202,204,2021-12-02 15:03:03.411004+00:00,-139.08,42727.09
203,205,2021-12-02 15:31:11.337001+00:00,55.69,42782.78
204,206,2021-12-02 15:38:17.995000+00:00,-161.35,42621.42999999999
205,207,2021-12-02 16:08:08.279000+00:00,256.94,42878.369999999995
206,208,2021-12-02 16:15:59.932000+00:00,-149.31,42729.06
207,209,2021-12-02 19:17:31.429000+00:00,-164.64,42564.42
208,210,2021-12-02 19:29:20.320000+00:00,-156.12,42408.299999999996
209,211,2021-12-02 20:06:00.031000+00:00,31.38,42439.67999999999
210,212,2021-12-02 20:41:38.240000+00:00,-167.6,42272.079999999994
211,213,2021-12-03 16:05:33.513000+00:00,-156.81,42115.27
212,214,2021-12-03 16:48:00.009000+00:00,-67.04,42048.229999999996
213,215,2021-12-03 16:50:51.954092+00:00,-114.54,41933.689999999995
214,216,2021-12-03 19:19:29.326000+00:00,-130.56,41803.12999999999
215,217,2021-12-03 19:57:00.086000+00:00,-36.81,41766.31999999999
216,218,2021-12-03 20:00:16.086013+00:00,-149.08,41617.23999999999
217,219,2021-12-03 20:39:00.017000+00:00,208.19,41825.42999999999
218,220,2021-12-06 14:58:56.257000+00:00,-130.56,41694.869999999995
219,221,2021-12-06 20:15:42.087017+00:00,-163.62,41531.24999999999
220,222,2021-12-07 16:01:39.426000+00:00,-164.64,41366.60999999999
221,223,2021-12-07 16:45:00.001000+00:00,45.36,41411.969999999994
222,224,2021-12-08 19:48:00.007000+00:00,-103.39,41308.579999999994
223,225,2021-12-08 19:55:54.592000+00:00,-158.16,41150.42
224,226,2021-12-09 15:15:47.384000+00:00,77.99,41228.409999999996
225,227,2021-12-10 15:33:07.144000+00:00,68.88,41297.28999999999
226,228,2021-12-10 17:06:00.012000+00:00,161.15,41458.439999999995
227,229,2021-12-13 19:27:00.014000+00:00,106.38,41564.81999999999
228,230,2021-12-14 15:11:30.323032+00:00,-155.89,41408.92999999999
229,231,2021-12-14 15:39:02.497000+00:00,-166.68,41242.24999999999
230,232,2021-12-14 15:39:32.612000+00:00,-158.16,41084.09
231,233,2021-12-14 20:28:24.104043+00:00,-159.51,40924.579999999994
232,234,2021-12-15 16:14:31.046000+00:00,266.84,41191.41999999999
233,235,2021-12-15 16:19:39.387000+00:00,-148.16,41043.259999999995
234,236,2021-12-15 18:58:47.899003+00:00,160.95,41204.20999999999
235,237,2021-12-15 18:59:45.452000+00:00,-162.47,41041.73999999999
236,238,2021-12-16 15:30:16.495170+00:00,439.11,41480.84999999999
237,239,2021-12-16 15:49:07.616000+00:00,83.88,41564.729999999996
238,240,2021-12-17 15:45:24.947000+00:00,464.9,42029.62999999999
239,241,2021-12-17 18:47:37.367000+00:00,-148.85,41880.77999999999
240,242,2021-12-17 18:48:27.295000+00:00,-162.47,41718.31
241,243,2021-12-17 19:07:56.994000+00:00,-168.16,41550.149999999994
242,244,2021-12-17 19:57:00.006000+00:00,126.15,41676.299999999996
243,245,2021-12-17 20:39:00.044000+00:00,736.84,42413.13999999999
244,246,2021-12-20 15:24:17.089000+00:00,-158.16,42254.979999999996
245,247,2021-12-20 15:46:57.692000+00:00,-148.62,42106.35999999999
246,248,2021-12-20 18:55:16.227032+00:00,-148.85,41957.509999999995
247,249,2021-12-20 19:15:51.342000+00:00,-144.08,41813.42999999999
248,250,2021-12-20 19:54:00.005000+00:00,262.53,42075.95999999999
249,251,2021-12-20 20:21:07.793041+00:00,-168.16,41907.799999999996
250,252,2021-12-20 20:50:24.112000+00:00,-144.08,41763.719999999994
251,253,2021-12-21 15:37:44.502039+00:00,-158.16,41605.56
252,254,2021-12-21 16:08:33.389000+00:00,304.9,41910.45999999999
253,255,2021-12-21 16:36:12.170000+00:00,-155.89,41754.56999999999
254,256,2021-12-22 15:13:57.694000+00:00,-162.24,41592.329999999994
255,257,2021-12-23 15:00:49.311000+00:00,-156.12,41436.20999999999
256,258,2021-12-23 15:12:58.422016+00:00,-142.6,41293.60999999999
257,259,2021-12-23 15:23:40.200000+00:00,-162.24,41131.369999999995
258,260,2021-12-23 15:30:27.627000+00:00,-155.43,40975.939999999995
259,261,2021-12-23 19:01:24.345000+00:00,-159.51,40816.42999999999
260,262,2021-12-23 19:45:51.924000+00:00,-159.51,40656.91999999999
261,263,2021-12-23 19:52:20.794000+00:00,-162.24,40494.67999999999
262,264,2021-12-27 19:21:09.114000+00:00,-162.24,40332.439999999995
263,265,2021-12-28 19:45:31.733010+00:00,-147.14,40185.299999999996
264,266,2021-12-28 20:27:00.832000+00:00,36.61,40221.909999999996
265,267,2021-12-29 20:17:53.773000+00:00,-154.28,40067.62999999999
266,268,2022-01-03 16:06:00.024000+00:00,63.65,40131.27999999999
267,269,2022-01-03 18:50:52.506000+00:00,-159.51,39971.76999999999
268,270,2022-01-04 20:15:00.012000+00:00,132.4,40104.16999999999
269,271,2022-01-06 20:32:34.274000+00:00,446.84,40551.009999999995
270,272,2022-01-10 16:27:00.090000+00:00,428.42,40979.42999999999
271,273,2022-01-10 17:06:00.007000+00:00,474.11,41453.53999999999
272,274,2022-01-12 15:32:31.300000+00:00,316.61,41770.149999999994
273,275,2022-01-12 19:42:00.032000+00:00,203.88,41974.02999999999
274,276,2022-01-13 19:16:55.956000+00:00,-159.08,41814.95
275,277,2022-01-13 20:02:30.010100+00:00,-155.43,41659.52
276,278,2022-01-14 15:40:59.261000+00:00,-148.85,41510.67
277,279,2022-01-14 15:52:10.489000+00:00,-161.35,41349.31999999999
278,280,2022-01-14 16:03:01.662000+00:00,83.65,41432.969999999994
279,281,2022-01-14 16:03:17.486000+00:00,-155.89,41277.079999999994
280,282,2022-01-14 17:06:00.057000+00:00,106.94,41384.02
281,283,2022-01-14 19:30:00.029000+00:00,2.3000000000000007,41386.31999999999
282,284,2022-01-18 14:57:53.765046+00:00,-162.47,41223.84999999999
283,285,2022-01-18 15:53:28.142000+00:00,400.82,41624.67
284,286,2022-01-18 18:49:27.285278+00:00,-156.12,41468.549999999996
285,287,2022-01-18 18:52:25.915000+00:00,-163.62,41304.92999999999
286,288,2022-01-18 19:33:00.008000+00:00,160.92,41465.84999999999
287,289,2022-01-18 20:41:20.857000+00:00,-159.08,41306.76999999999
288,290,2022-01-19 16:22:56.823008+00:00,-155.1,41151.66999999999
289,291,2022-01-19 19:05:25.472000+00:00,-164.64,40987.02999999999
290,292,2022-01-20 15:31:20.057045+00:00,-164.08,40822.95
291,293,2022-01-20 19:23:32.769000+00:00,-156.12,40666.829999999994
292,294,2022-01-21 15:50:11.344000+00:00,-117.04,40549.78999999999
293,295,2022-01-21 16:21:21.367000+00:00,-127.04,40422.74999999999
294,296,2022-01-21 17:06:00.002000+00:00,195.46,40618.20999999999
295,297,2022-01-21 19:26:40.672012+00:00,-156.12,40462.08999999999
296,298,2022-01-21 19:56:53.924032+00:00,-124.54,40337.54999999999
297,299,2022-01-24 15:59:10.789000+00:00,83.19,40420.73999999999
298,300,2022-01-24 16:07:33.909009+00:00,-149.08,40271.65999999999
299,301,2022-01-24 16:10:40.036006+00:00,-130.56,40141.09999999999
300,302,2022-01-24 16:37:31.006053+00:00,-117.04,40024.05999999999
301,303,2022-01-24 20:10:39.888000+00:00,-130.56,39893.499999999985
302,304,2022-01-24 20:26:47.352014+00:00,-111.02,39782.47999999999
303,305,2022-01-24 20:31:35.692017+00:00,-106.02,39676.45999999999
304,306,2022-01-25 15:06:41.240018+00:00,-159.08,39517.37999999999
305,307,2022-01-25 15:44:58.777000+00:00,314.21,39831.58999999999
306,308,2022-01-25 16:30:00.002000+00:00,-14.77,39816.819999999985
307,309,2022-01-26 15:30:51.562000+00:00,-123.06,39693.75999999999
308,310,2022-01-26 15:39:43.047000+00:00,-155.1,39538.65999999999
309,311,2022-01-26 15:44:03.975008+00:00,-126.81,39411.84999999999
310,312,2022-01-26 16:30:00.002000+00:00,156.71,39568.55999999998
311,313,2022-01-26 19:14:29.919001+00:00,234.21,39802.76999999999
312,314,2022-01-26 19:34:19.590000+00:00,79.44,39882.209999999985
313,315,2022-01-26 19:34:35.973001+00:00,-126.81,39755.39999999999
314,316,2022-01-26 19:36:17.307014+00:00,-130.56,39624.83999999999
315,317,2022-01-27 15:28:15.623000+00:00,380.92,40005.75999999999
316,318,2022-01-27 16:16:31.837000+00:00,70.46,40076.21999999999
317,319,2022-01-27 17:04:08.664000+00:00,67.96,40144.179999999986
318,320,2022-01-28 15:08:23.903000+00:00,301.38,40445.55999999998
319,321,2022-01-28 15:37:34.646015+00:00,-156.12,40289.43999999999
320,322,2022-01-28 15:47:04.816004+00:00,58.19,40347.62999999998
321,323,2022-01-28 20:33:29.629000+00:00,-159.08,40188.54999999999
322,324,2022-01-31 18:41:15.943001+00:00,-148.85,40039.69999999998
323,325,2022-01-31 19:05:24.910035+00:00,-134.08,39905.61999999998
324,326,2022-01-31 20:25:18.839000+00:00,173.42,40079.039999999986
325,327,2022-02-01 15:29:48.446022+00:00,50.69,40129.72999999998
326,328,2022-02-01 15:43:10.396000+00:00,-123.06,40006.669999999984
327,329,2022-02-01 16:08:58.517006+00:00,-156.12,39850.54999999999
328,330,2022-02-02 15:09:17.083000+00:00,-158.16,39692.389999999985
329,331,2022-02-02 15:12:15.454025+00:00,-155.1,39537.289999999986
330,332,2022-02-02 15:21:19.585000+00:00,53.65,39590.93999999999
331,333,2022-02-02 19:30:23.432019+00:00,-159.08,39431.859999999986
332,334,2022-02-03 16:13:08.064001+00:00,-144.08,39287.779999999984
333,335,2022-02-03 19:36:44.911034+00:00,-155.1,39132.679999999986
334,336,2022-02-07 19:35:46.038008+00:00,-155.89,38976.789999999986
335,337,2022-02-07 19:43:05.131000+00:00,-155.89,38820.89999999999
336,338,2022-02-07 20:11:23.933045+00:00,-141.12,38679.779999999984
337,339,2022-02-07 20:38:06.253000+00:00,253.42,38933.19999999998
338,340,2022-02-08 18:56:10.190000+00:00,-141.12,38792.07999999999
339,341,2022-02-09 17:00:00.006000+00:00,153.32,38945.39999999998
340,342,2022-02-09 19:00:05.482008+00:00,-148.16,38797.23999999998
341,343,2022-02-10 15:23:40.707000+00:00,-119.31,38677.929999999986
342,344,2022-02-10 15:27:01.886000+00:00,-156.12,38521.80999999998
343,345,2022-02-10 16:18:00.035000+00:00,223.19,38744.999999999985
344,346,2022-02-10 16:33:25.203072+00:00,-129.08,38615.919999999984
345,347,2022-02-11 16:09:10.909000+00:00,80.13,38696.04999999998
346,348,2022-02-14 14:59:20.525000+00:00,222.63,38918.67999999998
347,349,2022-02-14 15:15:20.995010+00:00,-148.16,38770.51999999998
348,350,2022-02-14 15:31:16.796000+00:00,-138.06,38632.459999999985
349,351,2022-02-14 15:53:20.127050+00:00,98.42,38730.87999999998
350,352,2022-02-14 16:35:04.549013+00:00,-144.08,38586.79999999998
351,353,2022-02-14 19:48:08.386000+00:00,-141.81,38444.98999999998
352,354,2022-02-14 20:06:39.681000+00:00,-129.54,38315.44999999998
353,355,2022-02-14 20:45:00.129000+00:00,145.46,38460.90999999998
354,356,2022-02-15 14:42:30.038018+00:00,-141.12,38319.78999999998
355,357,2022-02-15 14:58:52.564009+00:00,-138.39,38181.39999999998
356,358,2022-02-15 15:38:29.314039+00:00,-138.39,38043.00999999998
357,359,2022-02-15 16:35:38.914000+00:00,87.86,38130.86999999998
358,360,2022-02-16 16:25:17.049000+00:00,86.84,38217.709999999985
359,361,2022-02-16 18:56:11.556000+00:00,62.07,38279.779999999984
360,362,2022-02-17 15:30:05.130041+00:00,-147.14,38132.639999999985
361,363,2022-02-17 16:09:00.302000+00:00,128.42,38261.05999999998
362,364,2022-02-17 16:17:38.934000+00:00,-144.18,38116.87999999998
363,365,2022-02-17 16:49:06.867000+00:00,-130.1,37986.779999999984
364,366,2022-02-17 17:21:50.161000+00:00,68.42,38055.19999999998
365,367,2022-02-17 19:02:25.310000+00:00,-147.14,37908.05999999998
366,368,2022-02-18 19:27:00.091000+00:00,561.61,38469.669999999984
367,369,2022-02-18 20:00:39.968000+00:00,-129.08,38340.58999999998
368,370,2022-02-22 15:29:34.069000+00:00,-145.56,38195.029999999984
369,371,2022-02-22 15:50:31.286008+00:00,278.19,38473.21999999999
370,372,2022-02-22 15:55:15.124009+00:00,-154.08,38319.139999999985
371,373,2022-02-22 18:42:04.476000+00:00,-139.08,38180.05999999998
372,374,2022-02-22 19:43:12.137008+00:00,-141.81,38038.249999999985
373,375,2022-02-22 20:24:00.017000+00:00,270.46,38308.709999999985
374,376,2022-02-23 16:18:05.829000+00:00,-124.08,38184.62999999998
375,377,2022-02-23 16:57:00.180000+00:00,330.92,38515.54999999999
376,378,2022-02-23 18:53:21.120062+00:00,-155.1,38360.44999999998
377,379,2022-02-23 19:03:10.301000+00:00,-149.31,38211.139999999985
378,380,2022-02-24 15:53:57.207055+00:00,-117.04,38094.099999999984
379,381,2022-02-24 16:08:56.356000+00:00,-132.04,37962.05999999998
380,382,2022-02-24 18:46:47.176017+00:00,-130.56,37831.499999999985
381,383,2022-02-24 19:15:09.537000+00:00,-144.54,37686.959999999985
382,384,2022-02-25 19:30:00.010000+00:00,0.92,37687.87999999998
383,385,2022-02-28 14:52:14.365000+00:00,57.63,37745.50999999998
384,386,2022-02-28 15:12:11.805044+00:00,-138.16,37607.349999999984
385,387,2022-02-28 20:06:25.702002+00:00,-134.08,37473.26999999998
386,388,2022-02-28 20:33:59.053087+00:00,74.44,37547.709999999985
387,389,2022-03-01 15:01:06.236005+00:00,63.42,37611.12999999998
388,390,2022-03-01 15:37:19.353000+00:00,-130.1,37481.029999999984
389,391,2022-03-01 16:20:05.511000+00:00,-104.54,37376.48999999998
390,392,2022-03-01 16:29:00.006005+00:00,-123.06,37253.42999999998
391,393,2022-03-01 19:51:34.337000+00:00,-148.85,37104.57999999998
392,394,2022-03-01 20:30:01.620026+00:00,-138.06,36966.51999999998
393,395,2022-03-02 15:49:30.745000+00:00,-130.56,36835.959999999985
394,396,2022-03-02 16:02:59.162038+00:00,-102.04,36733.919999999984
395,397,2022-03-02 19:08:39.141036+00:00,-134.08,36599.83999999998
396,398,2022-03-02 19:45:00.320000+00:00,-21.12,36578.71999999998
397,399,2022-03-03 20:00:27.252000+00:00,-142.6,36436.11999999998
398,400,2022-03-03 20:34:04.520000+00:00,-138.06,36298.05999999998
399,401,2022-03-04 15:10:43.416007+00:00,230.69,36528.749999999985
400,402,2022-03-04 15:31:09.878023+00:00,-134.31,36394.43999999998
401,403,2022-03-04 15:58:14.453026+00:00,-141.12,36253.31999999998
402,404,2022-03-04 16:03:14.177000+00:00,-124.08,36129.23999999998
403,405,2022-03-04 16:06:08.715091+00:00,-119.08,36010.15999999998
404,406,2022-03-04 16:11:15.187003+00:00,-136.35,35873.80999999998
405,407,2022-03-04 16:51:00.008000+00:00,235.92,36109.72999999998
406,408,2022-03-04 19:21:00.178000+00:00,125.92,36235.64999999998
407,409,2022-03-04 20:03:00.002000+00:00,225.92,36461.56999999998
408,410,2022-03-07 15:13:00.062000+00:00,-111.81,36349.75999999998
409,411,2022-03-07 15:19:55.115000+00:00,-142.6,36207.15999999998
410,412,2022-03-07 15:47:21.202008+00:00,-124.08,36083.07999999998
411,413,2022-03-07 18:53:52.119000+00:00,-119.08,35963.999999999985
412,414,2022-03-07 19:42:30.476023+00:00,-117.04,35846.95999999998
413,415,2022-03-07 19:54:34.451011+00:00,-134.31,35712.64999999998
414,416,2022-03-07 20:06:09.215000+00:00,-126.81,35585.83999999998
415,417,2022-03-08 14:54:08.925004+00:00,205.69,35791.529999999984
416,418,2022-03-08 16:04:20.871012+00:00,418.19,36209.71999999999
417,419,2022-03-08 16:31:45.450000+00:00,400.69,36610.40999999998
418,420,2022-03-08 20:04:02.203005+00:00,-102.04,36508.36999999998
419,421,2022-03-08 20:30:12.121000+00:00,160.23,36668.599999999984
420,422,2022-03-09 15:35:57.253038+00:00,-134.08,36534.51999999998
421,423,2022-03-09 15:55:08.071000+00:00,99.11,36633.62999999998
422,424,2022-03-09 15:58:15.633023+00:00,-147.14,36486.48999999998
423,425,2022-03-09 16:20:16.980005+00:00,51.15,36537.639999999985
424,426,2022-03-09 19:04:20.265035+00:00,-129.08,36408.55999999998
425,427,2022-03-09 19:34:32.397000+00:00,-119.08,36289.47999999998
426,428,2022-03-09 19:51:28.336000+00:00,-123.06,36166.419999999984
427,429,2022-03-09 20:06:54.608000+00:00,-130.56,36035.859999999986
428,430,2022-03-11 19:39:00.018000+00:00,15.69,36051.54999999999
429,431,2022-03-11 19:51:18.906006+00:00,-142.6,35908.94999999998
430,432,2022-03-14 14:02:41.051000+00:00,-115.56,35793.389999999985
431,433,2022-03-14 14:51:50.035000+00:00,-130.1,35663.289999999986
432,434,2022-03-15 14:28:03.581000+00:00,230.92,35894.209999999985
433,435,2022-03-15 19:16:07.397027+00:00,-124.08,35770.12999999998
434,436,2022-03-16 14:14:21.048000+00:00,85.92,35856.04999999999
435,437,2022-03-16 15:15:00.060000+00:00,20.46,35876.50999999998
436,438,2022-03-16 19:00:26.022010+00:00,-104.54,35771.96999999999
437,439,2022-03-16 19:20:00.289000+00:00,75.23,35847.19999999998
438,440,2022-03-17 14:14:01.969027+00:00,-133.62,35713.57999999998
439,441,2022-03-17 14:54:07.868000+00:00,-115.56,35598.01999999998
440,442,2022-03-17 15:30:00.003000+00:00,138.19,35736.209999999985
441,443,2022-03-18 14:23:06.750000+00:00,-124.08,35612.12999999998
442,444,2022-03-18 15:07:05.139000+00:00,-97.04,35515.08999999998
443,445,2022-03-18 15:36:32.291000+00:00,-129.64,35385.44999999998
444,446,2022-03-21 13:52:08.718000+00:00,349.11,35734.55999999998
445,447,2022-03-21 14:21:51.396000+00:00,-134.08,35600.47999999998
446,448,2022-03-21 14:26:21.780036+00:00,-130.1,35470.37999999998
447,449,2022-03-21 15:02:21.405000+00:00,293.42,35763.79999999998
448,450,2022-03-21 15:17:03.375000+00:00,-130.1,35633.69999999998
449,451,2022-03-21 15:25:29.638051+00:00,-111.81,35521.889999999985
450,452,2022-03-21 16:12:00.019000+00:00,-81.81,35440.07999999999
451,453,2022-03-21 19:20:15.248000+00:00,-124.08,35315.999999999985
452,454,2022-03-21 19:48:44.946000+00:00,-133.62,35182.37999999998
453,455,2022-03-22 14:11:03.164000+00:00,-138.39,35043.98999999998
454,456,2022-03-22 14:20:02.678023+00:00,-136.35,34907.639999999985
455,457,2022-03-22 14:43:29.941000+00:00,-141.12,34766.51999999998
456,458,2022-03-22 16:03:00.006000+00:00,157.4,34923.919999999984
457,459,2022-03-22 18:36:00.018000+00:00,216.84,35140.75999999998
458,460,2022-03-23 16:02:28.407000+00:00,-130.1,35010.65999999998
459,461,2022-03-23 18:56:34.783000+00:00,-133.62,34877.03999999998
460,462,2022-03-24 14:33:22.439000+00:00,87.86,34964.89999999998
461,463,2022-03-24 14:45:41.765000+00:00,-126.12,34838.779999999984
462,464,2022-03-24 18:42:00.015000+00:00,272.07,35110.84999999998
463,465,2022-03-24 19:20:00.672000+00:00,-129.64,34981.20999999998
464,466,2022-03-25 14:16:41.279000+00:00,47.07,35028.279999999984
465,467,2022-03-25 19:42:01.951000+00:00,75.92,35104.19999999998
466,118,,402.63,35506.82999999998
467,154,,57.53,35564.35999999998
