streak_id,start_sequence,end_sequence,start_timestamp,end_timestamp,loss_count,total_loss,largest_loss
1,1,5,2021-07-13 18:00:28.576000+00:00,2021-07-16 15:16:45.101130+00:00,5,-932.38,-192.24
2,7,8,2021-07-16 18:29:57.771043+00:00,2021-07-16 19:23:58.401000+00:00,2,-379.15,-189.97
3,10,10,2021-07-19 17:49:49.026000+00:00,2021-07-19 17:49:49.026000+00:00,1,-185.2,-185.2
4,12,12,2021-07-19 18:45:27.352035+00:00,2021-07-19 18:45:27.352035+00:00,1,-189.97,-189.97
5,15,17,2021-07-20 14:18:03.136000+00:00,2021-07-21 17:50:55.084000+00:00,3,-430.14,-196.32
6,19,22,2021-07-22 14:34:04.178000+00:00,2021-07-28 13:46:02.111055+00:00,4,-765.18,-196.32
7,24,24,2021-07-28 15:02:02.673000+00:00,2021-07-28 15:02:02.673000+00:00,1,-185.2,-185.2
8,26,26,2021-07-28 18:00:04.507129+00:00,2021-07-28 18:00:04.507129+00:00,1,-185.2,-185.2
9,28,28,2021-07-28 18:39:49.227000+00:00,2021-07-28 18:39:49.227000+00:00,1,-189.97,-189.97
10,31,31,2021-07-30 18:36:50.349003+00:00,2021-07-30 18:36:50.349003+00:00,1,-192.01,-192.01
11,33,33,2021-08-02 19:07:01.040000+00:00,2021-08-02 19:07:01.040000+00:00,1,-185.2,-185.2
12,37,37,2021-08-04 18:34:08.367000+00:00,2021-08-04 18:34:08.367000+00:00,1,-187.34,-187.34
13,41,42,2021-08-16 13:46:00.319000+00:00,2021-08-16 15:31:47.631077+00:00,2,-378.56,-189.28
14,46,48,2021-08-17 18:21:17.545000+00:00,2021-08-18 14:18:44.832000+00:00,3,-562.64,-192.01
15,50,50,2021-08-18 15:13:12.994000+00:00,2021-08-18 15:13:12.994000+00:00,1,-192.24,-192.24
16,52,52,2021-08-19 15:24:58.851028+00:00,2021-08-19 15:24:58.851028+00:00,1,-189.97,-189.97
17,54,67,2021-08-19 19:28:26.502000+00:00,2021-09-07 14:30:11.022000+00:00,14,-2270.7,-192.24
18,69,69,2021-09-07 19:01:32.549000+00:00,2021-09-07 19:01:32.549000+00:00,1,-187.34,-187.34
19,71,73,2021-09-09 14:03:16.036001+00:00,2021-09-10 19:08:55.984004+00:00,3,-514.5799999999999,-177.24
20,76,79,2021-09-13 15:51:09.929000+00:00,2021-09-14 14:56:27.051000+00:00,4,-699.3499999999999,-178.62
21,81,85,2021-09-14 18:15:00.062000+00:00,2021-09-17 15:10:56.029082+00:00,5,-665.01,-176.22
22,87,91,2021-09-17 17:46:01.454000+00:00,2021-09-17 19:49:32.449000+00:00,5,-851.2299999999999,-175.76
23,93,94,2021-09-20 14:41:46.053000+00:00,2021-09-20 14:45:01.438000+00:00,2,-344.61,-177.93
24,96,100,2021-09-21 14:01:53.323094+00:00,2021-09-21 18:36:22.815000+00:00,5,-842.28,-177.93
25,102,103,2021-09-22 15:30:35.014000+00:00,2021-09-22 18:29:29.610016+00:00,2,-337.34,-172.7
26,105,108,2021-09-23 14:15:00.009000+00:00,2021-09-23 18:32:31.031000+00:00,4,-680.3699999999999,-178.16
27,110,110,2021-09-24 15:36:11.930000+00:00,2021-09-24 15:36:11.930000+00:00,1,-168.16,-168.16
28,113,114,2021-09-27 18:17:31.684000+00:00,2021-09-28 15:28:53.247017+00:00,2,-343.82,-172.7
29,116,118,2021-09-28 19:01:13.167000+00:00,2021-09-29 14:09:57.249000+00:00,3,-495.63,-178.62
30,121,122,2021-09-30 15:32:46.040000+00:00,2021-10-01 14:45:34.399022+00:00,2,-321.45,-164.64
31,124,124,2021-10-04 15:22:49.866000+00:00,2021-10-04 15:22:49.866000+00:00,1,-159.08,-159.08
32,126,127,2021-10-05 18:03:46.152094+00:00,2021-10-05 18:48:00.190094+00:00,2,-354.25,-177.93
33,129,129,2021-10-06 14:18:13.741000+00:00,2021-10-06 14:18:13.741000+00:00,1,-172.7,-172.7
34,131,133,2021-10-07 18:00:52.123000+00:00,2021-10-07 19:25:12.337000+00:00,3,-520.24,-177.24
35,135,135,2021-10-08 14:17:46.582000+00:00,2021-10-08 14:17:46.582000+00:00,1,-177.24,-177.24
36,138,138,2021-10-12 14:03:36.010000+00:00,2021-10-12 14:03:36.010000+00:00,1,-167.6,-167.6
37,140,140,2021-10-12 19:42:43.160000+00:00,2021-10-12 19:42:43.160000+00:00,1,-177.24,-177.24
38,142,144,2021-10-14 14:00:05.439058+00:00,2021-10-14 18:53:23.427000+00:00,3,-517.18,-177.24
39,147,154,2021-10-15 19:28:19.326000+00:00,2021-10-21 18:59:59.426000+00:00,8,-1385.65,-176.32
40,158,160,2021-10-25 14:49:29.048000+00:00,2021-10-26 15:27:06.455000+00:00,3,-515.5999999999999,-176.22
41,164,164,2021-10-29 15:06:07.127019+00:00,2021-10-29 15:06:07.127019+00:00,1,-176.22,-176.22
42,166,166,2021-11-01 14:32:45.496000+00:00,2021-11-01 14:32:45.496000+00:00,1,-155.1,-155.1
43,168,171,2021-11-02 14:26:26.315000+00:00,2021-11-02 15:28:19.067000+00:00,4,-700.44,-176.22
44,174,174,2021-11-09 18:48:10.806000+00:00,2021-11-09 18:48:10.806000+00:00,1,-158.16,-158.16
45,178,182,2021-11-15 19:03:38.100000+00:00,2021-11-17 18:57:21.043000+00:00,5,-755.74,-175.76
46,187,187,2021-11-19 20:44:25.221000+00:00,2021-11-19 20:44:25.221000+00:00,1,-177.24,-177.24
47,189,192,2021-11-22 16:28:00.340000+00:00,2021-11-23 18:43:43.271000+00:00,4,-648.1,-172.7
48,194,198,2021-11-23 19:54:16.781059+00:00,2021-11-24 19:43:11.530000+00:00,5,-800.2700000000001,-167.6
49,201,202,2021-12-01 16:10:32.619000+00:00,2021-12-02 15:03:03.411004+00:00,2,-294.97,-155.89
50,204,204,2021-12-02 15:38:17.995000+00:00,2021-12-02 15:38:17.995000+00:00,1,-161.35,-161.35
51,206,208,2021-12-02 16:15:59.932000+00:00,2021-12-02 19:29:20.320000+00:00,3,-470.07,-164.64
52,210,216,2021-12-02 20:41:38.240000+00:00,2021-12-03 20:00:16.086013+00:00,7,-822.4399999999999,-167.6
53,218,220,2021-12-06 14:58:56.257000+00:00,2021-12-07 16:01:39.426000+00:00,3,-458.82,-164.64
54,222,223,2021-12-08 19:48:00.007000+00:00,2021-12-08 19:55:54.592000+00:00,2,-261.55,-158.16
55,228,231,2021-12-14 15:11:30.323032+00:00,2021-12-14 20:28:24.104043+00:00,4,-640.24,-166.68
56,233,233,2021-12-15 16:19:39.387000+00:00,2021-12-15 16:19:39.387000+00:00,1,-148.16,-148.16
57,235,235,2021-12-15 18:59:45.452000+00:00,2021-12-15 18:59:45.452000+00:00,1,-162.47,-162.47
58,239,241,2021-12-17 18:47:37.367000+00:00,2021-12-17 19:07:56.994000+00:00,3,-479.48,-168.16
59,244,247,2021-12-20 15:24:17.089000+00:00,2021-12-20 19:15:51.342000+00:00,4,-599.71,-158.16
60,249,251,2021-12-20 20:21:07.793041+00:00,2021-12-21 15:37:44.502039+00:00,3,-470.4,-168.16
61,253,263,2021-12-21 16:36:12.170000+00:00,2021-12-28 19:45:31.733010+00:00,11,-1725.1599999999999,-162.24
62,265,265,2021-12-29 20:17:53.773000+00:00,2021-12-29 20:17:53.773000+00:00,1,-154.28,-154.28
63,267,267,2022-01-03 18:50:52.506000+00:00,2022-01-03 18:50:52.506000+00:00,1,-159.51,-159.51
64,274,277,2022-01-13 19:16:55.956000+00:00,2022-01-14 15:52:10.489000+00:00,4,-624.71,-161.35
65,279,279,2022-01-14 16:03:17.486000+00:00,2022-01-14 16:03:17.486000+00:00,1,-155.89,-155.89
66,282,282,2022-01-18 14:57:53.765046+00:00,2022-01-18 14:57:53.765046+00:00,1,-162.47,-162.47
67,284,285,2022-01-18 18:49:27.285278+00:00,2022-01-18 18:52:25.915000+00:00,2,-319.74,-163.62
68,287,293,2022-01-18 20:41:20.857000+00:00,2022-01-21 16:21:21.367000+00:00,7,-1043.1,-164.64
69,295,296,2022-01-21 19:26:40.672012+00:00,2022-01-21 19:56:53.924032+00:00,2,-280.66,-156.12
70,298,304,2022-01-24 16:07:33.909009+00:00,2022-01-25 15:06:41.240018+00:00,7,-903.36,-159.08
71,306,309,2022-01-25 16:30:00.002000+00:00,2022-01-26 15:44:03.975008+00:00,4,-419.74,-155.1
72,313,314,2022-01-26 19:34:35.973001+00:00,2022-01-26 19:36:17.307014+00:00,2,-257.37,-130.56
73,319,319,2022-01-28 15:37:34.646015+00:00,2022-01-28 15:37:34.646015+00:00,1,-156.12,-156.12
74,321,323,2022-01-28 20:33:29.629000+00:00,2022-01-31 19:05:24.910035+00:00,3,-442.01,-159.08
75,326,329,2022-02-01 15:43:10.396000+00:00,2022-02-02 15:12:15.454025+00:00,4,-592.44,-158.16
76,331,336,2022-02-02 19:30:23.432019+00:00,2022-02-07 20:11:23.933045+00:00,6,-911.16,-159.08
77,338,338,2022-02-08 18:56:10.190000+00:00,2022-02-08 18:56:10.190000+00:00,1,-141.12,-141.12
78,340,342,2022-02-09 19:00:05.482008+00:00,2022-02-10 15:27:01.886000+00:00,3,-423.59000000000003,-156.12
79,344,344,2022-02-10 16:33:25.203072+00:00,2022-02-10 16:33:25.203072+00:00,1,-129.08,-129.08
80,347,348,2022-02-14 15:15:20.995010+00:00,2022-02-14 15:31:16.796000+00:00,2,-286.22,-148.16
81,350,352,2022-02-14 16:35:04.549013+00:00,2022-02-14 20:06:39.681000+00:00,3,-415.42999999999995,-144.08
82,354,356,2022-02-15 14:42:30.038018+00:00,2022-02-15 15:38:29.314039+00:00,3,-417.9,-141.12
83,360,360,2022-02-17 15:30:05.130041+00:00,2022-02-17 15:30:05.130041+00:00,1,-147.14,-147.14
84,362,363,2022-02-17 16:17:38.934000+00:00,2022-02-17 16:49:06.867000+00:00,2,-274.28,-144.18
85,365,365,2022-02-17 19:02:25.310000+00:00,2022-02-17 19:02:25.310000+00:00,1,-147.14,-147.14
86,367,368,2022-02-18 20:00:39.968000+00:00,2022-02-22 15:29:34.069000+00:00,2,-274.64,-145.56
87,370,372,2022-02-22 15:55:15.124009+00:00,2022-02-22 19:43:12.137008+00:00,3,-434.97,-154.08
88,374,374,2022-02-23 16:18:05.829000+00:00,2022-02-23 16:18:05.829000+00:00,1,-124.08,-124.08
89,376,381,2022-02-23 18:53:21.120062+00:00,2022-02-24 19:15:09.537000+00:00,6,-828.5899999999999,-155.1
90,384,385,2022-02-28 15:12:11.805044+00:00,2022-02-28 20:06:25.702002+00:00,2,-272.24,-138.16
91,388,398,2022-03-01 15:37:19.353000+00:00,2022-03-03 20:34:04.520000+00:00,11,-1313.0699999999997,-148.85
92,400,404,2022-03-04 15:31:09.878023+00:00,2022-03-04 16:11:15.187003+00:00,5,-654.94,-141.12
93,408,414,2022-03-07 15:13:00.062000+00:00,2022-03-07 20:06:09.215000+00:00,7,-875.73,-142.6
94,418,418,2022-03-08 20:04:02.203005+00:00,2022-03-08 20:04:02.203005+00:00,1,-102.04,-102.04
95,420,420,2022-03-09 15:35:57.253038+00:00,2022-03-09 15:35:57.253038+00:00,1,-134.08,-134.08
96,422,422,2022-03-09 15:58:15.633023+00:00,2022-03-09 15:58:15.633023+00:00,1,-147.14,-147.14
97,424,427,2022-03-09 19:04:20.265035+00:00,2022-03-09 20:06:54.608000+00:00,4,-501.78000000000003,-130.56
98,429,431,2022-03-11 19:51:18.906006+00:00,2022-03-14 14:51:50.035000+00:00,3,-388.26,-142.6
99,433,433,2022-03-15 19:16:07.397027+00:00,2022-03-15 19:16:07.397027+00:00,1,-124.08,-124.08
100,436,436,2022-03-16 19:00:26.022010+00:00,2022-03-16 19:00:26.022010+00:00,1,-104.54,-104.54
101,438,439,2022-03-17 14:14:01.969027+00:00,2022-03-17 14:54:07.868000+00:00,2,-249.18,-133.62
102,441,443,2022-03-18 14:23:06.750000+00:00,2022-03-18 15:36:32.291000+00:00,3,-350.76,-129.64
103,445,446,2022-03-21 14:21:51.396000+00:00,2022-03-21 14:26:21.780036+00:00,2,-264.18,-134.08
104,448,455,2022-03-21 15:17:03.375000+00:00,2022-03-22 14:43:29.941000+00:00,8,-997.28,-141.12
105,458,459,2022-03-23 16:02:28.407000+00:00,2022-03-23 18:56:34.783000+00:00,2,-263.72,-133.62
106,461,461,2022-03-24 14:45:41.765000+00:00,2022-03-24 14:45:41.765000+00:00,1,-126.12,-126.12
107,463,463,2022-03-24 19:20:00.672000+00:00,2022-03-24 19:20:00.672000+00:00,1,-129.64,-129.64
