run_id,event.params.sweep_atr_fraction,event.params.maximum_stop_atr_multiple,signals_generated,entries_opened,trades_closed,entry_rejections_total,reject_missing_stop,reject_target_already_reached,reject_position_sizing,reject_daily_risk_lockout,reject_apex_latest_entry_time,reject_event_no_trade_window,total_trades,trades_per_year,net_profit,profit_factor,expectancy_r,max_drawdown,max_drawdown_pct,cagr,mar,win_rate,apex_rule_violations,apex_forced_flatten_trades,profitable,worst_day,best_day_concentration,consecutive_losses,benchmark_passed,failure_reason
1,0.1,1.25,0,0,447,0,0,0,0,0,0,0,447,635.2791828793775,-9695.59,0.8179988981109267,-0.07950200087875,10147.540000000015,0.2029508000000003,-0.2638771197114907,-1.3002024121683202,0.3534675615212528,0,0,False,-1121.26,0.0,10,False,min_total_net_profit;max_drawdown_pct;max_consecutive_losses
2,0.1,1.5,0,0,497,0,0,0,0,0,0,0,497,706.3394941634242,-12786.85,0.7789446788177353,-0.1052349914630646,13238.80000000004,0.2647760000000008,-0.3428011382715098,-1.2946835750653716,0.358148893360161,0,0,False,-1300.34,0.0,12,False,min_total_net_profit;max_drawdown_pct;max_consecutive_losses
3,0.1,1.75,0,0,523,0,0,0,0,0,0,0,523,743.2908560311284,-13801.44,0.7702265296738126,-0.1100282633012832,14329.540000000035,0.2865908000000007,-0.3681193967530215,-1.284477368963067,0.3594646271510516,0,0,False,-1475.9,0.0,14,False,min_total_net_profit;max_drawdown_pct;max_consecutive_losses
4,0.15,1.25,0,0,423,0,0,0,0,0,0,0,423,601.1702334630351,-10990.86,0.7835011216088765,-0.1055501379429844,11442.81000000002,0.2288562000000004,-0.2972694856313483,-1.2989356881366896,0.3475177304964539,0,0,False,-1004.71,0.0,10,False,min_total_net_profit;max_drawdown_pct;max_consecutive_losses
5,0.15,1.5,0,0,476,0,0,0,0,0,0,0,476,676.4941634241245,-14136.240000000002,0.7476546075726253,-0.1304340651888623,14588.19000000004,0.2917638000000008,-0.3764090810282079,-1.2901157752545274,0.3508403361344537,0,0,False,-1109.45,0.0,12,False,min_total_net_profit;max_drawdown_pct;max_consecutive_losses
6,0.15,1.75,0,0,503,0,0,0,0,0,0,0,503,714.8667315175097,-15474.32,0.7355325685231474,-0.1371273993729633,16002.420000000042,0.3200484000000008,-0.4092134745435278,-1.2785987198921376,0.3518886679920477,0,0,False,-1289.89,0.0,14,False,min_total_net_profit;max_drawdown_pct;max_consecutive_losses
7,0.2,1.25,0,0,388,0,0,0,0,0,0,0,388,551.4280155642024,-11388.600000000002,0.755100408273506,-0.126489492032531,11840.55000000001,0.2368110000000002,-0.3074306479056173,-1.2982110117588164,0.3505154639175257,0,0,False,-891.29,0.0,10,False,min_total_net_profit;max_drawdown_pct;max_consecutive_losses
8,0.2,1.5,0,0,440,0,0,0,0,0,0,0,440,625.330739299611,-15232.4,0.7073993068588397,-0.1604120913644671,15684.350000000037,0.3136870000000007,-0.4033215556035834,-1.2857452033510552,0.3477272727272727,0,0,False,-1070.37,0.0,12,False,min_total_net_profit;max_drawdown_pct;max_consecutive_losses
9,0.2,1.75,0,0,467,0,0,0,0,0,0,0,467,663.7033073929962,-16480.020000000004,0.6977765144394982,-0.1647822896014409,17008.12000000004,0.3401624000000007,-0.4335201852834419,-1.2744506308852506,0.3490364025695932,0,0,False,-1289.89,0.0,14,False,min_total_net_profit;max_drawdown_pct;max_consecutive_losses
10,0.25,1.25,0,0,326,0,0,0,0,0,0,0,326,463.3132295719845,-7151.259999999999,0.8138644229525378,-0.0860451837082379,8886.619999999995,0.1722887308037776,-0.196966288803193,-1.1432337326085538,0.3588957055214724,0,0,False,-891.29,0.0,9,False,min_total_net_profit;max_drawdown_pct;max_consecutive_losses
11,0.25,1.5,0,0,377,0,0,0,0,0,0,0,377,535.7947470817121,-10385.95,0.7632073092824734,-0.1223289672050119,10456.440000000017,0.2091288000000003,-0.2817319511876762,-1.34716954904191,0.3554376657824933,0,0,False,-1070.37,0.0,9,False,min_total_net_profit;max_drawdown_pct;max_consecutive_losses
12,0.25,1.75,0,0,405,0,0,0,0,0,0,0,405,575.5885214007783,-12376.96,0.7357827182083805,-0.1399008898649885,12627.03000000002,0.2516368211930036,-0.3324894697956871,-1.321306906594048,0.3530864197530864,0,0,False,-1289.89,0.0,11,False,min_total_net_profit;max_drawdown_pct;max_consecutive_losses
13,0.3,1.25,0,0,285,0,0,0,0,0,0,0,285,405.0437743190662,-4004.51,0.8773526367049918,-0.0422486712087304,7014.249999999993,0.1324962102787628,-0.1118741371271078,-0.8443572604207503,0.375438596491228,0,0,False,-891.29,0.0,8,False,min_total_net_profit;max_drawdown_pct
14,0.3,1.5,0,0,340,0,0,0,0,0,0,0,340,483.21011673151753,-7397.500000000001,0.8088719582931359,-0.088553278407483,8757.260000000002,0.1707425354270006,-0.2035169464827415,-1.1919522336585735,0.3676470588235294,0,0,False,-1070.37,0.0,8,False,min_total_net_profit;max_drawdown_pct
15,0.3,1.75,0,0,370,0,0,0,0,0,0,0,370,525.8463035019456,-9680.820000000002,0.769962389184966,-0.1161912073542082,10017.950000000012,0.1992961932605802,-0.2634937049232563,-1.322121113365862,0.3621621621621622,0,0,False,-1289.89,0.0,10,False,min_total_net_profit;max_drawdown_pct;max_consecutive_losses
