sequence,trade_id,exit_timestamp,window_trades,rolling_net_pnl,rolling_expectancy,rolling_win_rate,rolling_profit_factor,rolling_max_drawdown
1,1,2021-07-13 18:00:28.576000+00:00,1,-189.97,-189.97,0.0,0.0,0.0
2,2,2021-07-13 19:11:14.102037+00:00,2,-380.86,-190.43,0.0,0.0,190.89000000000001
3,3,2021-07-16 14:08:33.884000+00:00,3,-573.1,-191.03333333333333,0.0,0.0,383.13
4,4,2021-07-16 14:59:15.149000+00:00,4,-761.26,-190.315,0.0,0.0,571.29
5,5,2021-07-16 15:16:45.101130+00:00,5,-932.38,-186.476,0.0,0.0,742.41
6,6,2021-07-16 15:54:00.155000+00:00,6,-772.81,-128.80166666666665,0.16666666666666666,0.17114266715287757,742.41
7,7,2021-07-16 18:29:57.771043+00:00,7,-961.99,-137.42714285714285,0.14285714285714285,0.14227504547237776,772.02
8,8,2021-07-16 19:23:58.401000+00:00,8,-1151.96,-143.995,0.125,0.12166706060860216,961.99
9,9,2021-07-19 15:15:00.002000+00:00,9,-1023.77,-113.75222222222222,0.2222222222222222,0.21940786714753,961.99
10,10,2021-07-19 17:49:49.026000+00:00,10,-1208.97,-120.897,0.2,0.19225912489226513,1019.0
11,11,2021-07-19 18:27:00.107000+00:00,11,-1041.1100000000001,-94.64636363636365,0.2727272727272727,0.3044102810794198,1019.0
12,12,2021-07-19 18:45:27.352035+00:00,12,-1231.0800000000002,-102.59000000000002,0.25,0.2701250963419695,1041.1100000000001
13,13,2021-07-19 19:20:22.159000+00:00,13,-1014.0100000000002,-78.00076923076925,0.3076923076923077,0.39882018141933956,1041.1100000000001
14,14,2021-07-19 19:54:00.010000+00:00,14,-532.1700000000003,-38.01214285714288,0.35714285714285715,0.6844904250904132,1041.1100000000001
15,15,2021-07-20 14:18:03.136000+00:00,15,-723.0600000000003,-48.20400000000002,0.3333333333333333,0.6148999515336149,1041.1100000000001
16,16,2021-07-21 14:45:00.005000+00:00,16,-765.9900000000001,-47.87437500000001,0.3125,0.601154895549122,1041.1100000000001
17,17,2021-07-21 17:50:55.084000+00:00,17,-962.3100000000002,-56.606470588235304,0.29411764705882354,0.5454025812059484,1041.1100000000001
18,18,2021-07-22 14:26:14.226010+00:00,18,-880.3400000000001,-48.90777777777779,0.3333333333333333,0.5841253944558871,1041.1100000000001
19,19,2021-07-22 14:34:04.178000+00:00,19,-1076.66,-56.666315789473686,0.3157894736842105,0.5345501392035137,1041.1100000000001
20,20,2021-07-26 18:00:37.175000+00:00,20,-1264.0,-63.2,0.3,0.4945010997800439,1074.03
21,21,2021-07-27 14:52:08.983002+00:00,20,-1266.2699999999998,-63.31349999999999,0.3,0.4940525897305784,1075.3799999999997
22,22,2021-07-28 13:46:02.111055+00:00,20,-1264.66,-63.233000000000004,0.3,0.49437061203601523,1113.35
23,23,2021-07-28 14:05:14.984000+00:00,20,-988.8700000000001,-49.44350000000001,0.35,0.5717175129497774,1113.35
24,24,2021-07-28 15:02:02.673000+00:00,20,-985.9100000000001,-49.295500000000004,0.35,0.5724513868410555,1215.0
25,25,2021-07-28 15:48:00.232000+00:00,20,-778.9699999999999,-38.948499999999996,0.4,0.6351155121695303,1215.0
26,26,2021-07-28 18:00:04.507129+00:00,20,-1123.74,-56.187,0.35,0.5156376614196307,1364.38
27,27,2021-07-28 18:39:37.164000+00:00,20,-782.3599999999999,-39.117999999999995,0.4,0.6328430774429104,1364.3799999999999
28,28,2021-07-28 18:39:49.227000+00:00,20,-782.3599999999999,-39.117999999999995,0.4,0.6328430774429104,1402.1499999999999
29,29,2021-07-30 14:33:45.156000+00:00,20,-603.71,-30.1855,0.4,0.7166824662342903,1402.15
30,30,2021-07-30 14:43:58.181000+00:00,20,-315.98000000000013,-15.799000000000007,0.45,0.8375975247473865,1402.15
31,31,2021-07-30 18:36:50.349003+00:00,20,-675.8500000000001,-33.792500000000004,0.4,0.6838380105441906,1402.15
32,32,2021-07-30 19:21:00.331000+00:00,20,-313.35000000000014,-15.667500000000008,0.45,0.8391179339734045,1402.15
33,33,2021-08-02 19:07:01.040000+00:00,20,-715.6200000000001,-35.781000000000006,0.4,0.6644849735102442,1402.1499999999999
34,34,2021-08-03 14:41:01.086000+00:00,20,-1032.43,-51.621500000000005,0.4,0.5159501148670824,1211.2600000000002
35,35,2021-08-03 15:27:00.369000+00:00,20,-644.4700000000003,-32.223500000000016,0.45,0.6681428005005123,1168.33
36,36,2021-08-03 18:51:00.008000+00:00,20,-585.2600000000002,-29.263000000000012,0.5,0.6918191966636477,1053.98
37,37,2021-08-04 18:34:08.367000+00:00,20,-576.2800000000001,-28.814000000000004,0.5,0.6951060790434369,1053.98
38,38,2021-08-06 15:40:09.710067+00:00,20,-593.55,-29.6775,0.5,0.6859689963493997,857.6599999999999
39,39,2021-08-06 18:15:00.026000+00:00,20,-393.32000000000005,-19.666000000000004,0.55,0.7677856628369684,670.3199999999998
40,40,2021-08-10 15:33:00.015000+00:00,20,-53.680000000000035,-2.684000000000002,0.6,0.9643663205969041,478.0799999999999
41,41,2021-08-16 13:46:00.319000+00:00,20,-50.72,-2.536,0.6,0.9662649320243702,372.35
42,42,2021-08-16 15:31:47.631077+00:00,20,-50.71999999999997,-2.5359999999999987,0.6,0.9662649320243702,378.56
43,43,2021-08-17 14:14:09.700028+00:00,20,183.26000000000002,9.163,0.6,1.1218905472636815,378.56
44,44,2021-08-17 14:42:24.849000+00:00,20,452.01,22.6005,0.65,1.3428785993870802,378.56
45,45,2021-08-17 15:11:35.232090+00:00,20,732.47,36.6235,0.65,1.555625512030828,378.56
46,46,2021-08-17 18:21:17.545000+00:00,20,725.6599999999999,36.282999999999994,0.65,1.5476307269694887,378.55999999999995
47,47,2021-08-17 18:35:24.835000+00:00,20,394.8399999999999,19.741999999999997,0.6,1.262577225661863,378.56
48,48,2021-08-18 14:18:44.832000+00:00,20,392.79999999999995,19.639999999999997,0.6,1.2608666777353479,562.64
49,49,2021-08-18 14:51:25.170000+00:00,20,177.79999999999993,8.889999999999997,0.6,1.1180806906857048,562.64
50,50,2021-08-18 15:13:12.994000+00:00,20,-116.97000000000006,-5.848500000000003,0.55,0.9311126685080594,663.04
51,51,2021-08-19 14:58:12.635000+00:00,20,612.11,30.6055,0.6,1.4064529409421105,663.04
52,52,2021-08-19 15:24:58.851028+00:00,20,249.60999999999993,12.480499999999996,0.55,1.1471800465815618,663.04
53,53,2021-08-19 19:18:00.540000+00:00,20,888.92,44.446,0.6,1.5883964918087043,663.04
54,54,2021-08-19 19:28:26.502000+00:00,20,531.65,26.5825,0.55,1.3121862136595046,663.04
55,55,2021-08-20 14:19:24.178000+00:00,20,155.96000000000004,7.798000000000002,0.5,1.0828864642513591,663.04
56,56,2021-08-20 14:35:47.013064+00:00,20,-27.91999999999993,-1.3959999999999966,0.45,0.9863752372865641,663.04
57,57,2021-08-23 13:50:24.181000+00:00,20,-29.859999999999786,-1.4929999999999892,0.45,0.9854423128488896,727.74
58,58,2021-08-23 15:51:00.011000+00:00,20,-172.81999999999982,-8.640999999999991,0.4,0.9188413692055545,806.0
59,59,2021-08-26 18:59:17.428000+00:00,20,-354.6599999999999,-17.732999999999997,0.35,0.8462905336881431,983.9300000000001
60,60,2021-08-27 14:31:29.856049+00:00,20,-696.93,-34.8465,0.3,0.7209277182248099,1173.9
61,61,2021-08-27 14:50:21.932000+00:00,20,-685.5799999999997,-34.27899999999998,0.3,0.7242192151120695,1351.83
62,62,2021-08-27 19:47:01.121000+00:00,20,-680.3499999999998,-34.01749999999999,0.3,0.7257460505576988,1535.88
63,63,2021-08-30 15:51:00.006000+00:00,20,-1009.0999999999999,-50.455,0.25,0.5950560805794659,1547.1
64,64,2021-08-31 15:16:15.180000+00:00,20,-1279.99,-63.9995,0.2,0.5222652269817751,1734.44
65,65,2021-09-03 15:32:46.652094+00:00,20,-1772.4899999999998,-88.62449999999998,0.15,0.3792737549509545,1910.66
66,66,2021-09-07 14:25:53.679000+00:00,20,-1767.8199999999997,-88.39099999999999,0.15,0.3798950484769401,2098.0
67,67,2021-09-07 14:30:11.022000+00:00,20,-1761.8999999999999,-88.095,0.15,0.380685572880784,2270.7
68,68,2021-09-07 15:06:00.017000+00:00,20,-1436.34,-71.817,0.2,0.4585794467207708,2270.7
69,69,2021-09-07 19:01:32.549000+00:00,20,-1715.52,-85.776,0.15,0.39599683126485347,2324.49
70,70,2021-09-08 15:33:00.190000+00:00,20,-1349.4,-67.47,0.2,0.490409779419262,2324.49
71,71,2021-09-09 14:03:16.036001+00:00,20,-2063.71,-103.1855,0.15,0.26954782762587387,2327.85
72,72,2021-09-10 15:51:16.007019+00:00,20,-2038.38,-101.91900000000001,0.15,0.27198634246692766,2492.4900000000002
73,73,2021-09-10 19:08:55.984004+00:00,20,-2665.19,-133.2595,0.1,0.10342055156730427,2472.949999999999
74,74,2021-09-13 13:55:53.290000+00:00,20,-2396.5699999999997,-119.82849999999999,0.15,0.13804228199023155,2294.3299999999995
75,75,2021-09-13 15:09:00.338000+00:00,20,-1961.5699999999997,-98.07849999999999,0.2,0.2460603591415042,2126.73
76,76,2021-09-13 15:51:09.929000+00:00,20,-1972.1299999999999,-98.6065,0.2,0.24506568873644888,1937.45
77,77,2021-09-13 17:50:37.344000+00:00,20,-1947.4900000000002,-97.37450000000001,0.2,0.24739921474061707,1869.2300000000002
78,78,2021-09-13 18:11:25.914000+00:00,20,-2047.85,-102.3925,0.2,0.23816237853603373,1869.9199999999998
79,79,2021-09-14 14:56:27.051000+00:00,20,-2047.8500000000001,-102.39250000000001,0.2,0.23816237853603373,1857.8800000000006
80,80,2021-09-14 15:33:00.528000+00:00,20,-1528.31,-76.4155,0.25,0.38820369325119,1679.9500000000003
81,81,2021-09-14 18:15:00.062000+00:00,20,-1488.5400000000002,-74.427,0.25,0.394483993003295,1495.9000000000005
82,82,2021-09-15 14:15:18.177000+00:00,20,-1472.6500000000003,-73.63250000000002,0.25,0.39705045426443564,1484.6799999999998
83,83,2021-09-16 14:53:32.657098+00:00,20,-1637.65,-81.88250000000001,0.25,0.371924630188578,1450.3100000000004
84,84,2021-09-16 15:36:00.015000+00:00,20,-1459.39,-72.96950000000001,0.25,0.39921783339851397,1283.17
85,85,2021-09-17 15:10:56.029082+00:00,20,-1456.56,-72.828,0.25,0.39968347126512593,1269.22
86,86,2021-09-17 15:29:41.647000+00:00,20,-1177.8399999999997,-58.89199999999998,0.3,0.4739390258063939,1230.0699999999997
87,87,2021-09-17 17:46:01.454000+00:00,20,-1176.92,-58.846000000000004,0.3,0.4741338480648417,1310.47
88,88,2021-09-17 18:14:51.646000+00:00,20,-1483.8600000000001,-74.19300000000001,0.25,0.384660681332808,1470.3999999999996
89,89,2021-09-17 18:58:13.389019+00:00,20,-1472.28,-73.614,0.25,0.3865167696583565,1646.1599999999999
90,90,2021-09-17 19:11:45.287000+00:00,20,-1812.8400000000001,-90.64200000000001,0.2,0.2936665952348483,1635.5999999999997
91,91,2021-09-17 19:49:32.449000+00:00,20,-1799.2199999999998,-89.96099999999998,0.2,0.29523332014587156,1794.6400000000003
92,92,2021-09-20 14:40:56.310000+00:00,20,-1502.51,-75.1255,0.25,0.37088460781563387,1794.6399999999999
93,93,2021-09-20 14:41:46.053000+00:00,20,-1507.7400000000002,-75.38700000000001,0.25,0.37007420034092053,1840.5000000000002
94,94,2021-09-20 14:45:01.438000+00:00,20,-1750.8,-87.53999999999999,0.2,0.3161471760018749,2007.1799999999998
95,95,2021-09-20 14:55:42.694000+00:00,20,-1934.5500000000002,-96.7275,0.2,0.24437543941879541,1829.02
96,96,2021-09-21 14:01:53.323094+00:00,20,-1934.32,-96.716,0.2,0.24439739528197593,1769.6800000000003
97,97,2021-09-21 14:37:39.314000+00:00,20,-1937.8400000000001,-96.89200000000001,0.2,0.2440618063655407,1910.8600000000006
98,98,2021-09-21 14:46:03.796000+00:00,20,-1932.6100000000001,-96.63050000000001,0.2,0.24456075613893816,2084.25
99,99,2021-09-21 17:54:04.670049+00:00,20,-1910.8000000000002,-95.54,0.2,0.24666364406946717,2240.3700000000003
100,100,2021-09-21 18:36:22.815000+00:00,20,-2407.0499999999997,-120.35249999999999,0.15,0.10953228294606623,2268.8900000000003
101,101,2021-09-21 19:15:00.005000+00:00,20,-1730.5699999999997,-86.52849999999998,0.2,0.3253059489974542,2100.73
102,102,2021-09-22 15:30:35.014000+00:00,20,-1727.0499999999997,-86.35249999999999,0.2,0.32575299146967546,1924.51
103,103,2021-09-22 18:29:29.610016+00:00,20,-1723.53,-86.1765,0.2,0.32620126430355795,1915.43
104,104,2021-09-22 18:50:01.466003+00:00,20,-1418.53,-70.9265,0.25,0.4434627380975736,1833.42
105,105,2021-09-23 14:15:00.009000+00:00,20,-1423.3000000000002,-71.165,0.25,0.44263437786358195,1833.42
106,106,2021-09-23 14:25:32.048031+00:00,20,-1676.03,-83.8015,0.2,0.38267089507434704,1661.6399999999999
107,107,2021-09-23 14:50:14.356000+00:00,20,-1672.4099999999999,-83.62049999999999,0.2,0.38318180979954636,1499.02
108,108,2021-09-23 18:32:31.031000+00:00,20,-1671.7200000000003,-83.58600000000001,0.2,0.3832793489408484,1495.9600000000003
109,109,2021-09-24 15:25:31.205000+00:00,20,-1399.1200000000001,-69.956,0.25,0.4480571225689376,1329.28
110,110,2021-09-24 15:36:11.930000+00:00,20,-1400.6000000000001,-70.03,0.25,0.4477956773038741,1369.0500000000002
111,111,2021-09-24 16:12:00.099000+00:00,20,-1045.37,-52.268499999999996,0.3,0.5594286822097473,1369.0500000000002
112,112,2021-09-27 15:42:00.008000+00:00,20,-856.3900000000001,-42.819500000000005,0.3,0.6390743269441496,1191.1200000000001
113,113,2021-09-27 18:17:31.684000+00:00,20,-851.1599999999999,-42.55799999999999,0.3,0.6404860762060038,1097.07
114,114,2021-09-28 15:28:53.247017+00:00,20,-855.5999999999996,-42.77999999999998,0.3,0.639287174795634,1097.0700000000002
115,115,2021-09-28 18:48:00.041000+00:00,20,-111.38999999999987,-5.5694999999999935,0.3,0.9530390350636812,919.1399999999999
116,116,2021-09-28 19:01:13.167000+00:00,20,-101.61999999999958,-5.080999999999979,0.3,0.956980780628228,793.1099999999998
117,117,2021-09-28 19:07:32.013000+00:00,20,-82.30999999999983,-4.115499999999992,0.3,0.9648681756292442,793.1099999999999
118,119,2021-09-29 14:09:57.249000+00:00,20,-87.53999999999974,-4.3769999999999865,0.3,0.96271911145938,793.1099999999999
119,120,2021-09-29 18:10:18.745000+00:00,20,408.48000000000025,20.424000000000014,0.35,1.1863503649635034,793.1099999999999
120,121,2021-09-29 19:21:00.686000+00:00,20,651.5400000000002,32.57700000000001,0.4,1.321697312029704,793.1099999999999
121,122,2021-09-30 15:32:46.040000+00:00,20,-51.4199999999999,-2.5709999999999953,0.35,0.9765201190889333,751.6899999999999
122,123,2021-10-01 14:45:34.399022+00:00,20,-43.58999999999986,-2.179499999999993,0.35,0.9800241048883431,751.6899999999998
123,124,2021-10-01 15:22:18.214000+00:00,20,459.80000000000007,22.990000000000002,0.4,1.2288211084735474,751.6899999999998
124,125,2021-10-04 15:22:49.866000+00:00,20,4.800000000000097,0.24000000000000482,0.35,1.0022135014364706,573.5299999999999
125,126,2021-10-04 19:42:00.107000+00:00,20,458.09000000000003,22.904500000000002,0.4,1.2301555002888942,495.63
126,127,2021-10-05 18:03:46.152094+00:00,20,441.51000000000016,22.07550000000001,0.4,1.2199927252071572,495.63
127,128,2021-10-05 18:48:00.190094+00:00,20,433.34999999999985,21.667499999999993,0.4,1.215052429420026,495.63
128,129,2021-10-05 19:27:00.242000+00:00,20,1204.2700000000002,60.21350000000001,0.45,1.6536455365042146,495.63
129,130,2021-10-06 14:18:13.741000+00:00,20,934.73,46.7365,0.4,1.4638651375372813,495.63
130,131,2021-10-06 14:54:57.649000+00:00,20,1199.0400000000002,59.95200000000001,0.45,1.6492070625307944,495.63
131,132,2021-10-07 18:00:52.123000+00:00,20,831.1099999999999,41.555499999999995,0.4,1.4107796861485236,495.63
132,133,2021-10-07 18:20:05.352000+00:00,20,332.82,16.641,0.35,1.1512481310980738,495.63
133,134,2021-10-07 19:25:12.337000+00:00,20,338.83999999999975,16.941999999999986,0.35,1.1544063031164702,596.7900000000002
134,135,2021-10-08 13:45:33.514009+00:00,20,636.8000000000001,31.840000000000003,0.4,1.314725578866731,596.79
135,136,2021-10-08 14:17:46.582000+00:00,20,-357.2800000000001,-17.864000000000004,0.35,0.8376435410503547,647.1899999999999
136,137,2021-10-08 18:31:29.142000+00:00,20,149.20000000000002,7.460000000000001,0.4,1.0734096623253937,647.1899999999999
137,138,2021-10-11 15:03:00.021000+00:00,20,306.92999999999995,15.346499999999997,0.45,1.162950339247603,647.1899999999999
138,139,2021-10-12 14:03:36.010000+00:00,20,317.95000000000005,15.897500000000003,0.45,1.1697942923057207,647.1900000000002
139,140,2021-10-12 19:00:00.009000+00:00,20,310.81000000000006,15.540500000000003,0.45,1.1659813303712565,647.1899999999999
140,141,2021-10-12 19:42:43.160000+00:00,20,57.18999999999997,2.8594999999999984,0.4,1.0279002829544344,647.1899999999999
141,142,2021-10-13 18:51:00.236000+00:00,20,474.46,23.723,0.45,1.2516815548812834,647.1899999999999
142,143,2021-10-14 14:00:05.439058+00:00,20,454.03,22.7015,0.45,1.2382621655235386,647.19
143,144,2021-10-14 14:47:35.866000+00:00,20,-44.819999999999965,-2.2409999999999983,0.4,0.9783869801084991,647.1899999999999
144,145,2021-10-14 18:53:23.427000+00:00,20,-57.51999999999998,-2.875999999999999,0.4,0.9724316422631742,647.1899999999999
145,146,2021-10-14 19:36:00.014000+00:00,20,-150.90999999999997,-7.545499999999999,0.4,0.9276714035802438,647.1899999999999
146,147,2021-10-15 15:39:00.014000+00:00,20,112.05000000000001,5.602500000000001,0.45,1.0587104143524826,647.19
147,148,2021-10-15 19:28:19.326000+00:00,20,112.05000000000013,5.602500000000006,0.45,1.0587104143524824,647.1899999999999
148,149,2021-10-18 14:08:55.160033+00:00,20,-661.9300000000001,-33.096500000000006,0.4,0.6824179093020131,602.4899999999999
149,150,2021-10-18 14:27:20.483000+00:00,20,-655.9100000000001,-32.795500000000004,0.4,0.6843946378220243,769.1700000000001
150,151,2021-10-18 15:05:53.127000+00:00,20,-928.28,-46.414,0.35,0.5882509492211064,945.39
151,152,2021-10-18 19:12:11.984065+00:00,20,-927.72,-46.386,0.35,0.5883971037126428,1121.1499999999999
152,153,2021-10-18 19:21:21.445067+00:00,20,-926.7,-46.335,0.35,0.5886635003772914,1297.37
153,155,2021-10-20 15:51:17.618013+00:00,20,-936.24,-46.812,0.35,0.5861812909955623,1473.5900000000001
154,156,2021-10-21 18:59:59.426000+00:00,20,-1225.55,-61.277499999999996,0.3,0.49459979958019057,1636.06
155,157,2021-10-22 15:06:11.064034+00:00,20,-985.5500000000002,-49.27750000000001,0.35,0.5615237112209533,1636.06
156,158,2021-10-25 14:24:00.006000+00:00,20,-1014.3000000000002,-50.71500000000001,0.35,0.5487326876276322,1636.0600000000002
157,159,2021-10-25 14:27:10.636000+00:00,20,-951.3400000000003,-47.567000000000014,0.35,0.5767439170340842,1636.06
158,160,2021-10-25 14:49:29.048000+00:00,20,-950.4199999999998,-47.520999999999994,0.35,0.5769800823411594,1636.06
159,161,2021-10-25 15:02:39.198000+00:00,20,-1459.4000000000003,-72.97000000000001,0.3,0.39768135800278176,1636.06
160,162,2021-10-26 15:27:06.455000+00:00,20,-1454.8600000000001,-72.74300000000001,0.3,0.3984279057074218,1707.4900000000002
161,163,2021-10-26 16:00:24.936000+00:00,20,-1440.6500000000003,-72.03250000000001,0.3,0.4043036184632179,1530.2500000000002
162,164,2021-10-27 15:36:00.180000+00:00,20,-1129.8600000000001,-56.49300000000001,0.35,0.49586603545437913,1457.0800000000002
163,165,2021-10-28 19:03:00.012000+00:00,20,-548.02,-27.401,0.4,0.7356429960010225,1457.0800000000002
164,166,2021-10-29 15:06:07.127019+00:00,20,-552.46,-27.623,0.4,0.7340707687716307,1457.0800000000002
165,167,2021-10-29 18:54:00.017000+00:00,20,-682.46,-34.123000000000005,0.4,0.6714946545557816,1457.08
166,168,2021-11-01 14:32:45.496000+00:00,20,-922.59,-46.1295,0.35,0.5867587578440989,1280.7600000000002
167,169,2021-11-01 15:33:00.201000+00:00,20,-380.45,-19.0225,0.4,0.8149787234042553,1105.0
168,170,2021-11-02 14:26:26.315000+00:00,20,-380.4499999999999,-19.022499999999994,0.4,0.8149787234042553,938.3199999999999
169,171,2021-11-02 14:39:01.669000+00:00,20,-386.4699999999999,-19.323499999999996,0.4,0.8125997080886596,762.1000000000001
170,172,2021-11-02 14:51:18.085037+00:00,20,-386.01,-19.3005,0.4,0.8127810030992186,586.3400000000001
171,173,2021-11-02 15:28:19.067000+00:00,20,-386.4699999999999,-19.323499999999996,0.4,0.8125997080886596,700.44
172,174,2021-11-02 19:42:00.429000+00:00,20,-188.04999999999993,-9.402499999999996,0.45,0.9002942657935898,700.4399999999999
173,175,2021-11-09 16:04:03.089001+00:00,20,64.78000000000006,3.239000000000003,0.5,1.0378868074603909,700.4399999999999
174,176,2021-11-09 18:48:10.806000+00:00,20,69.09000000000006,3.454500000000003,0.5,1.0405096392888973,759.79
175,177,2021-11-09 19:48:00.112000+00:00,20,258.6300000000001,12.931500000000005,0.5,1.151642900698907,759.79
176,178,2021-11-10 15:39:16.588000+00:00,20,76.36000000000011,3.818000000000006,0.5,1.0447722688681458,759.79
177,179,2021-11-10 15:51:33.436002+00:00,20,86.36000000000003,4.318000000000001,0.5,1.0506355832825178,759.79
178,180,2021-11-15 19:03:38.100000+00:00,20,80.34000000000006,4.017000000000003,0.5,1.0469401825256786,759.79
179,181,2021-11-15 20:35:46.523000+00:00,20,80.80000000000001,4.040000000000001,0.5,1.047221637796012,759.79
180,182,2021-11-16 19:50:44.956000+00:00,20,77.74000000000007,3.887000000000003,0.5,1.0453521882693362,822.5699999999999
181,183,2021-11-16 20:36:00.026000+00:00,20,-255.31999999999996,-12.765999999999998,0.45,0.8565908018602979,888.7899999999998
182,184,2021-11-17 18:57:21.043000+00:00,20,-554.1700000000001,-27.708500000000004,0.4,0.7151763411901361,1054.0900000000001
183,185,2021-11-17 19:34:59.989000+00:00,20,-702.5899999999999,-35.12949999999999,0.4,0.638893742997235,1054.09
184,186,2021-11-18 16:09:00.011000+00:00,20,-437.2599999999999,-21.862999999999992,0.45,0.7528822678361516,1054.09
185,187,2021-11-18 16:45:00.086000+00:00,20,-161.37000000000012,-8.068500000000006,0.45,0.9088016547608284,1054.0900000000001
186,188,2021-11-19 19:24:00.034000+00:00,20,179.08999999999992,8.954499999999996,0.5,1.110936977340585,1054.09
187,189,2021-11-19 20:44:25.221000+00:00,20,-363.97000000000014,-18.198500000000006,0.45,0.7968441264135567,878.3299999999999
188,190,2021-11-22 15:54:00.019000+00:00,20,-61.930000000000035,-3.0965000000000016,0.5,0.9616727110693025,755.74
189,191,2021-11-22 16:28:00.340000+00:00,20,-61.930000000000206,-3.0965000000000105,0.5,0.9616727110693022,755.7400000000001
190,192,2021-11-22 16:42:36.721000+00:00,20,-44.33000000000024,-2.216500000000012,0.5,0.9722628924678706,755.7399999999999
191,193,2021-11-23 15:14:32.109000+00:00,20,-27.19000000000011,-1.3595000000000055,0.5,0.9828028942242012,755.74
192,194,2021-11-23 18:43:43.271000+00:00,20,-207.5500000000001,-10.377500000000005,0.45,0.8806662680251142,755.74
193,195,2021-11-23 19:21:00.005000+00:00,20,-52.32000000000008,-2.616000000000004,0.45,0.9699178951726039,755.74
194,196,2021-11-23 19:54:16.781059+00:00,20,-43.010000000000105,-2.1505000000000054,0.45,0.9751377223355857,755.74
195,197,2021-11-23 20:06:22.325000+00:00,20,-458.93000000000006,-22.946500000000004,0.4,0.7576351297826832,779.69
196,198,2021-11-23 20:37:08.424000+00:00,20,-750.3100000000001,-37.5155,0.35,0.6353523228179992,943.77
197,199,2021-11-24 16:09:40.193000+00:00,20,-999.7500000000001,-49.987500000000004,0.3,0.5507205996683489,1111.37
198,200,2021-11-24 19:43:11.530000+00:00,20,-983.1700000000001,-49.158500000000004,0.3,0.5548547755416205,1267.49
199,201,2021-11-29 16:31:05.881000+00:00,20,-584.7800000000001,-29.239000000000004,0.35,0.7123405594990386,1267.4900000000002
200,202,2021-12-01 15:43:23.533000+00:00,20,-359.58,-17.979,0.4,0.8063786595445663,1267.49
201,203,2021-12-01 16:10:32.619000+00:00,20,-449.25000000000006,-22.462500000000002,0.4,0.7692366961167045,1267.4900000000002
202,204,2021-12-02 15:03:03.411004+00:00,20,-423.03,-21.1515,0.4,0.7797384123546013,1290.3899999999999
203,205,2021-12-02 15:31:11.337001+00:00,20,-632.5999999999999,-31.629999999999995,0.4,0.6706203334409397,1290.39
204,206,2021-12-02 15:38:17.995000+00:00,20,-883.0600000000001,-44.153000000000006,0.35,0.575845489521742,1396.0500000000002
205,207,2021-12-02 16:08:08.279000+00:00,20,-953.7499999999998,-47.687499999999986,0.35,0.5418914180592047,1396.0500000000002
206,208,2021-12-02 16:15:59.932000+00:00,20,-1288.4199999999996,-64.42099999999998,0.3,0.42255427475305224,1345.0899999999992
207,209,2021-12-02 19:17:31.429000+00:00,20,-1275.8199999999997,-63.79099999999998,0.3,0.4249540258897344,1402.0999999999997
208,210,2021-12-02 19:29:20.320000+00:00,20,-1558.2199999999998,-77.91099999999999,0.25,0.34384106183361696,1385.5199999999998
209,211,2021-12-02 20:06:00.031000+00:00,20,-1354.1399999999999,-67.707,0.3,0.38505762785755165,1227.3599999999994
210,212,2021-12-02 20:41:38.240000+00:00,20,-1363.58,-68.179,0.3,0.38341397241691166,1278.1799999999998
211,213,2021-12-03 16:05:33.513000+00:00,20,-1361.3099999999997,-68.06549999999999,0.3,0.3838079330807567,1434.99
212,214,2021-12-03 16:48:00.009000+00:00,20,-1270.1899999999998,-63.50949999999999,0.3,0.40031915245195016,1502.03
213,215,2021-12-03 16:50:51.954092+00:00,20,-1616.5699999999997,-80.82849999999999,0.25,0.2759411461715899,1467.7199999999998
214,216,2021-12-03 19:19:29.326000+00:00,20,-1598.2799999999997,-79.91399999999999,0.25,0.2782203435755704,1434.6599999999999
215,217,2021-12-03 19:57:00.086000+00:00,20,-1471.4699999999998,-73.5735,0.25,0.2951210749443128,1307.3899999999999
216,218,2021-12-03 20:00:16.086013+00:00,20,-1456.4699999999998,-72.8235,0.25,0.297257002243613,1404.8199999999997
217,219,2021-12-03 20:39:00.017000+00:00,20,-1080.6799999999998,-54.03399999999999,0.3,0.43269902097167906,1404.8199999999997
218,220,2021-12-06 14:58:56.257000+00:00,20,-1055.12,-52.75599999999999,0.3,0.4385837958060861,1404.8199999999997
219,221,2021-12-06 20:15:42.087017+00:00,20,-1441.37,-72.0685,0.25,0.2944870558636522,1490.8099999999995
220,222,2021-12-07 16:01:39.426000+00:00,20,-1655.4499999999998,-82.7725,0.2,0.2501302289765135,1511.7599999999993
221,223,2021-12-07 16:45:00.001000+00:00,20,-1454.2,-72.71000000000001,0.25,0.2912426404647718,1511.7599999999995
222,224,2021-12-08 19:48:00.007000+00:00,20,-1418.5100000000002,-70.92550000000001,0.25,0.29639843854628073,1569.7899999999997
223,225,2021-12-08 19:55:54.592000+00:00,20,-1632.3600000000004,-81.61800000000002,0.2,0.2492238631607511,1727.9499999999998
224,226,2021-12-09 15:15:47.384000+00:00,20,-1393.0200000000004,-69.65100000000002,0.25,0.3079468224633361,1727.95
225,227,2021-12-10 15:33:07.144000+00:00,20,-1581.0800000000004,-79.05400000000002,0.25,0.21451850085449703,1578.6399999999996
226,228,2021-12-10 17:06:00.012000+00:00,20,-1270.62,-63.53099999999999,0.3,0.31817962298169644,1413.9999999999995
227,229,2021-12-13 19:27:00.014000+00:00,20,-999.6,-49.980000000000004,0.35,0.41162967279405266,1289.2600000000002
228,230,2021-12-14 15:11:30.323032+00:00,20,-999.3700000000002,-49.96850000000001,0.35,0.4116854064873139,1289.2600000000002
229,231,2021-12-14 15:39:02.497000+00:00,20,-1197.43,-59.871500000000005,0.3,0.35807717462393723,1121.6600000000003
230,232,2021-12-14 15:39:32.612000+00:00,20,-1187.9900000000002,-59.39950000000001,0.3,0.3598984880976755,1031.1800000000003
231,233,2021-12-14 20:28:24.104043+00:00,20,-1190.69,-59.5345,0.3,0.3593756725347566,1123.65
232,234,2021-12-15 16:14:31.046000+00:00,20,-856.8100000000002,-42.840500000000006,0.35,0.5217626702388926,1009.1100000000001
233,235,2021-12-15 16:19:39.387000+00:00,20,-890.43,-44.521499999999996,0.35,0.5121519597637544,900.8499999999999
234,236,2021-12-15 18:58:47.899003+00:00,20,-598.9200000000001,-29.946000000000005,0.4,0.6465839755467172,900.8499999999998
235,237,2021-12-15 18:59:45.452000+00:00,20,-724.5800000000002,-36.229000000000006,0.4,0.6019491078491693,900.8499999999999
236,238,2021-12-16 15:30:16.495170+00:00,20,-136.39,-6.8195,0.45,0.9183899380101003,900.8499999999999
237,239,2021-12-16 15:49:07.616000+00:00,20,-260.70000000000005,-13.035000000000002,0.45,0.844008041932936,770.29
238,240,2021-12-17 15:45:24.947000+00:00,20,334.76,16.738,0.5,1.2172806812576265,640.24
239,241,2021-12-17 18:47:37.367000+00:00,20,349.53,17.476499999999998,0.5,1.2290633130394324,640.24
240,242,2021-12-17 18:48:27.295000+00:00,20,351.69999999999993,17.584999999999997,0.5,1.2308136558730491,640.24
241,243,2021-12-17 19:07:56.994000+00:00,20,138.1799999999998,6.90899999999999,0.45,1.0816714935870912,640.24
242,244,2021-12-17 19:57:00.006000+00:00,20,367.72,18.386000000000003,0.5,1.2314873686662342,640.24
243,245,2021-12-17 20:39:00.044000+00:00,20,1262.7199999999998,63.13599999999999,0.55,1.8828049078896774,640.24
244,246,2021-12-20 15:24:17.089000+00:00,20,1026.57,51.3285,0.5,1.6462471120735782,640.24
245,247,2021-12-20 15:46:57.692000+00:00,20,809.0699999999999,40.4535,0.45,1.4657509800648194,640.24
246,248,2021-12-20 18:55:16.227032+00:00,20,499.07000000000005,24.953500000000002,0.4,1.2646210458223313,640.24
247,249,2021-12-20 19:15:51.342000+00:00,20,248.60999999999993,12.430499999999997,0.35,1.122464360659291,599.71
248,250,2021-12-20 19:54:00.005000+00:00,20,667.03,33.3515,0.4,1.3559068814461868,599.71
249,251,2021-12-20 20:21:07.793041+00:00,20,665.55,33.277499999999996,0.4,1.3548369898435209,599.71
250,252,2021-12-20 20:50:24.112000+00:00,20,679.63,33.9815,0.4,1.365084310555069,649.4200000000002
251,253,2021-12-21 15:37:44.502039+00:00,20,680.9799999999999,34.04899999999999,0.4,1.3660749803786647,807.5800000000003
252,254,2021-12-21 16:08:33.389000+00:00,20,719.0400000000001,35.952000000000005,0.4,1.3865349259764974,807.5800000000002
253,255,2021-12-21 16:36:12.170000+00:00,20,711.31,35.5655,0.4,1.3807971305441793,807.5800000000003
254,256,2021-12-22 15:13:57.694000+00:00,20,388.1200000000001,19.406000000000006,0.35,1.19117422507253,820.8100000000002
255,257,2021-12-23 15:00:49.311000+00:00,20,394.4699999999999,19.723499999999994,0.35,1.1949116530951063,976.9300000000003
256,258,2021-12-23 15:12:58.422016+00:00,20,-187.23999999999998,-9.361999999999998,0.3,0.9135724968150513,1119.53
257,259,2021-12-23 15:23:40.200000+00:00,20,-433.36000000000007,-21.668000000000003,0.25,0.8139031554356972,1281.77
258,260,2021-12-23 15:30:27.627000+00:00,20,-1053.69,-52.6845,0.2,0.5758279625298398,1437.2
259,261,2021-12-23 19:01:24.345000+00:00,20,-1064.3500000000001,-53.21750000000001,0.2,0.5733674847781559,1596.71
260,262,2021-12-23 19:45:51.924000+00:00,20,-1061.39,-53.069500000000005,0.2,0.574048583158427,1756.2200000000003
261,263,2021-12-23 19:52:20.794000+00:00,20,-1055.47,-52.7735,0.2,0.5754156459054907,1918.46
262,264,2021-12-27 19:21:09.114000+00:00,20,-1343.86,-67.193,0.15,0.49252491380710156,2080.7000000000003
263,265,2021-12-28 19:45:31.733010+00:00,20,-2227.8399999999997,-111.39199999999998,0.1,0.20299649050002325,2069.68
264,266,2021-12-28 20:27:00.832000+00:00,20,-2033.07,-101.6535,0.15,0.22905377477617542,1921.0600000000004
265,267,2021-12-29 20:17:53.773000+00:00,20,-2038.73,-101.9365,0.15,0.22856321208429034,2008.33
266,268,2022-01-03 16:06:00.024000+00:00,20,-1826.23,-91.3115,0.2,0.26772711233720403,2008.3300000000002
267,269,2022-01-03 18:50:52.506000+00:00,20,-1841.66,-92.083,0.2,0.26608085759260364,2104.19
268,270,2022-01-04 20:15:00.012000+00:00,20,-1971.79,-98.5895,0.2,0.21422280670293103,1938.6899999999996
269,271,2022-01-06 20:32:34.274000+00:00,20,-1356.79,-67.8395,0.25,0.4204699319576795,1938.69
270,272,2022-01-10 16:27:00.090000+00:00,20,-784.29,-39.2145,0.3,0.6430356240698007,1938.69
271,273,2022-01-10 17:06:00.007000+00:00,20,-152.01999999999987,-7.600999999999994,0.35,0.9254420167242944,1938.69
272,274,2022-01-12 15:32:31.300000+00:00,20,-140.30999999999995,-7.015499999999998,0.35,0.9311851688369016,1782.7999999999997
273,275,2022-01-12 19:42:00.032000+00:00,20,219.46000000000015,10.973000000000008,0.4,1.1165443480292716,1620.56
274,276,2022-01-13 19:16:55.956000+00:00,20,222.62000000000003,11.131000000000002,0.4,1.1184211926166285,1464.44
275,277,2022-01-13 20:02:30.010100+00:00,20,223.31000000000012,11.165500000000005,0.4,1.1188318495538019,1321.84
276,278,2022-01-14 15:40:59.261000+00:00,20,217.06000000000003,10.853000000000002,0.4,1.1151230999331727,1159.6
277,279,2022-01-14 15:52:10.489000+00:00,20,217.95000000000007,10.897500000000004,0.4,1.1156497238096754,1004.1699999999998
278,280,2022-01-14 16:03:01.662000+00:00,20,457.02999999999986,22.851499999999994,0.45,1.264310582139098,844.66
279,281,2022-01-14 16:03:17.486000+00:00,20,460.6500000000001,23.032500000000006,0.45,1.2669630024572307,696.95
280,282,2022-01-14 17:06:00.057000+00:00,20,727.0999999999999,36.355,0.5,1.4643009942465248,696.95
281,283,2022-01-14 19:30:00.029000+00:00,20,891.6400000000001,44.58200000000001,0.55,1.6351752780013822,696.95
282,284,2022-01-18 14:57:53.765046+00:00,20,891.4100000000001,44.5705,0.55,1.6349074074074077,750.1800000000001
283,285,2022-01-18 15:53:28.142000+00:00,20,1439.3700000000001,71.9685,0.6,2.145211081584266,750.1799999999998
284,286,2022-01-18 18:49:27.285278+00:00,20,1246.6399999999999,62.331999999999994,0.55,1.882277173066852,750.1799999999998
285,287,2022-01-18 18:52:25.915000+00:00,20,1237.3000000000002,61.86500000000001,0.55,1.869916755723044,750.1799999999998
286,288,2022-01-18 19:33:00.008000+00:00,20,1334.5700000000002,66.72850000000001,0.55,1.9383050227796839,750.1799999999998
287,289,2022-01-18 20:41:20.857000+00:00,20,1335.0000000000005,66.75000000000003,0.55,1.9388911941148756,750.1799999999998
288,290,2022-01-19 16:22:56.823008+00:00,20,1047.5,52.375,0.5,1.664240102980996,822.3599999999997
289,291,2022-01-19 19:05:25.472000+00:00,20,436.01999999999975,21.800999999999988,0.45,1.2503516820449811,987.0000000000002
290,292,2022-01-20 15:31:20.057045+00:00,20,-156.48000000000008,-7.824000000000003,0.4,0.9178888708145523,1151.0800000000002
291,293,2022-01-20 19:23:32.769000+00:00,20,-786.7100000000003,-39.33550000000001,0.35,0.6184408995892,1307.2
292,294,2022-01-21 15:50:11.344000+00:00,20,-1220.3600000000001,-61.01800000000001,0.3,0.4399115137663101,1424.2400000000002
293,295,2022-01-21 16:21:21.367000+00:00,20,-1551.2800000000002,-77.56400000000001,0.25,0.3272590864344229,1392.2000000000003
294,296,2022-01-21 17:06:00.002000+00:00,20,-1196.7399999999998,-59.83699999999999,0.3,0.4425548366661544,1236.77
295,297,2022-01-21 19:26:40.672012+00:00,20,-1197.4300000000003,-59.87150000000001,0.3,0.4424126434212488,1201.92
296,298,2022-01-21 19:56:53.924032+00:00,20,-1173.12,-58.65599999999999,0.3,0.44747811097347895,1287.12
297,299,2022-01-24 15:59:10.789000+00:00,20,-928.5799999999999,-46.428999999999995,0.35,0.5266838612337272,1287.12
298,300,2022-01-24 16:07:33.909009+00:00,20,-1161.31,-58.0655,0.3,0.449861199276152,1353.01
299,301,2022-01-24 16:10:40.036006+00:00,20,-1135.9800000000002,-56.799000000000014,0.3,0.4553248210355724,1483.57
300,302,2022-01-24 16:37:31.006053+00:00,20,-1359.96,-67.998,0.25,0.3825800740017707,1600.61
301,303,2022-01-24 20:10:39.888000+00:00,20,-1492.82,-74.64099999999999,0.2,0.3601861812695814,1731.1699999999996
302,304,2022-01-24 20:26:47.352014+00:00,20,-1441.37,-72.0685,0.2,0.36830779748965714,1842.1899999999998
303,305,2022-01-24 20:31:35.692017+00:00,20,-1948.21,-97.4105,0.15,0.18409149921684576,1792.0899999999997
304,306,2022-01-25 15:06:41.240018+00:00,20,-1951.17,-97.55850000000001,0.15,0.18386357362155653,1948.4699999999996
305,307,2022-01-25 15:44:58.777000+00:00,20,-1473.34,-73.667,0.2,0.3384550450806423,1948.4699999999996
306,308,2022-01-25 16:30:00.002000+00:00,20,-1649.03,-82.4515,0.15,0.2644465161091757,1789.3899999999996
307,309,2022-01-26 15:30:51.562000+00:00,20,-1613.01,-80.6505,0.15,0.26876470508234845,1634.2899999999997
308,310,2022-01-26 15:39:43.047000+00:00,20,-1613.0099999999998,-80.6505,0.15,0.26876470508234845,1469.6499999999996
309,311,2022-01-26 15:44:03.975008+00:00,20,-1575.1799999999998,-78.75899999999999,0.15,0.27345436431062153,1411.0999999999997
310,312,2022-01-26 16:30:00.002000+00:00,20,-1254.3899999999999,-62.7195,0.2,0.37404439210363477,1254.9799999999996
311,313,2022-01-26 19:14:29.919001+00:00,20,-864.06,-43.202999999999996,0.25,0.532394579617283,1206.3599999999997
312,314,2022-01-26 19:34:19.590000+00:00,20,-667.5799999999999,-33.379,0.3,0.6142939681072338,1206.36
313,315,2022-01-26 19:34:35.973001+00:00,20,-667.3499999999999,-33.36749999999999,0.3,0.6143756103480358,1206.3600000000001
314,316,2022-01-26 19:36:17.307014+00:00,20,-993.3699999999999,-49.668499999999995,0.25,0.4662543723436838,1050.2399999999998
315,317,2022-01-27 15:28:15.623000+00:00,20,-456.33,-22.816499999999998,0.3,0.7323593410009327,1008.89
316,318,2022-01-27 16:16:31.837000+00:00,20,-261.33000000000004,-13.066500000000001,0.35,0.8346504520807103,1008.8900000000003
317,319,2022-01-27 17:04:08.664000+00:00,20,-276.5600000000001,-13.828000000000007,0.35,0.8250140780906947,859.8100000000001
318,320,2022-01-28 15:08:23.903000+00:00,20,173.8999999999998,8.69499999999999,0.4,1.1214902996388127,729.2500000000002
319,321,2022-01-28 15:37:34.646015+00:00,20,148.33999999999992,7.416999999999996,0.4,1.101815436356773,612.21
320,322,2022-01-28 15:47:04.816004+00:00,20,323.56999999999994,16.178499999999996,0.45,1.2414863684874358,481.65000000000003
321,323,2022-01-28 20:33:29.629000+00:00,20,295.04999999999995,14.752499999999998,0.45,1.215612051767354,419.74
322,324,2022-01-31 18:41:15.943001+00:00,20,257.2199999999998,12.86099999999999,0.45,1.182910699301694,419.74
323,325,2022-01-31 19:05:24.910035+00:00,20,229.16,11.458,0.45,1.1597690891851193,539.9400000000002
324,326,2022-01-31 20:25:18.839000+00:00,20,561.6599999999999,28.08299999999999,0.5,1.4404347416956809,539.9400000000002
325,327,2022-02-01 15:29:48.446022+00:00,20,298.14,14.907,0.5,1.2337912863460996,539.94
326,328,2022-02-01 15:43:10.396000+00:00,20,189.85000000000008,9.492500000000003,0.5,1.137221455262987,539.94
327,329,2022-02-01 16:08:58.517006+00:00,20,156.79000000000008,7.839500000000004,0.5,1.1106812839283067,595.0100000000002
328,330,2022-02-02 15:09:17.083000+00:00,20,153.73000000000016,7.686500000000008,0.5,1.1082872539006094,753.1700000000002
329,331,2022-02-02 15:12:15.454025+00:00,20,125.4400000000002,6.27200000000001,0.5,1.0866334240369075,908.2700000000001
330,332,2022-02-02 15:21:19.585000+00:00,20,22.38000000000013,1.1190000000000064,0.5,1.0154564415652583,908.2700000000002
331,333,2022-02-02 19:30:23.432019+00:00,20,-370.91,-18.5455,0.45,0.7691939117123621,1013.7
332,334,2022-02-03 16:13:08.064001+00:00,20,-594.4300000000001,-29.721500000000002,0.4,0.6605390897150364,1157.7800000000002
333,335,2022-02-03 19:36:44.911034+00:00,20,-622.7199999999999,-31.135999999999996,0.4,0.650037372357943,1312.88
334,336,2022-02-07 19:35:46.038008+00:00,20,-648.05,-32.402499999999996,0.4,0.6409138259674632,1468.7700000000002
335,337,2022-02-07 19:43:05.131000+00:00,20,-1184.8600000000001,-59.24300000000001,0.35,0.3956676748562947,1624.66
336,338,2022-02-07 20:11:23.933045+00:00,20,-1396.44,-69.822,0.3,0.3355759303050344,1765.78
337,339,2022-02-07 20:38:06.253000+00:00,20,-1210.9799999999996,-60.54899999999998,0.3,0.4238175217558869,1765.7800000000002
338,340,2022-02-08 18:56:10.190000+00:00,20,-1653.4799999999996,-82.67399999999998,0.25,0.26277726999130574,1667.8499999999997
339,341,2022-02-09 17:00:00.006000+00:00,20,-1344.0399999999997,-67.20199999999998,0.3,0.3559109228314157,1667.85
340,342,2022-02-09 19:00:05.482008+00:00,20,-1550.3899999999999,-77.5195,0.25,0.3062790562399045,1508.77
341,343,2022-02-10 15:23:40.707000+00:00,20,-1510.6200000000003,-75.53100000000002,0.25,0.31182805495827115,1451.8
342,344,2022-02-10 15:27:01.886000+00:00,20,-1517.8899999999999,-75.8945,0.25,0.3107987232052452,1607.9199999999998
343,345,2022-02-10 16:18:00.035000+00:00,20,-1160.62,-58.03099999999999,0.3,0.43885587750385585,1607.9200000000003
344,346,2022-02-10 16:33:25.203072+00:00,20,-1463.12,-73.15599999999999,0.25,0.3341555208679388,1607.9199999999996
345,347,2022-02-11 16:09:10.909000+00:00,20,-1433.6799999999998,-71.684,0.25,0.34755323360896334,1484.8599999999997
346,348,2022-02-14 14:59:20.525000+00:00,20,-1087.9899999999998,-54.39949999999999,0.3,0.47549811264360053,1328.7399999999998
347,349,2022-02-14 15:15:20.995010+00:00,20,-1080.03,-54.0015,0.3,0.4773298102469548,1170.5800000000002
348,350,2022-02-14 15:31:16.796000+00:00,20,-1059.9299999999998,-52.99649999999999,0.3,0.4820185019572196,1069.1299999999999
349,351,2022-02-14 15:53:20.127050+00:00,20,-806.41,-40.320499999999996,0.35,0.5735920091795027,1069.13
350,352,2022-02-14 16:35:04.549013+00:00,20,-1004.1400000000001,-50.20700000000001,0.3,0.5066257216558163,910.0500000000001
351,353,2022-02-14 19:48:08.386000+00:00,20,-986.8700000000001,-49.343500000000006,0.3,0.5109614565060111,842.7900000000001
352,354,2022-02-14 20:06:39.681000+00:00,20,-972.3300000000002,-48.61650000000001,0.3,0.5146697679990417,817.2300000000001
353,355,2022-02-14 20:45:00.129000+00:00,20,-671.77,-33.588499999999996,0.35,0.6365549628315138,661.34
354,356,2022-02-15 14:42:30.038018+00:00,20,-657.0000000000001,-32.85000000000001,0.35,0.6416826191528004,629.9499999999999
355,357,2022-02-15 14:58:52.564009+00:00,20,-639.5000000000001,-31.975000000000005,0.35,0.6478659963547663,764.0
356,358,2022-02-15 15:38:29.314039+00:00,20,-636.7700000000001,-31.838500000000003,0.35,0.648841364553807,902.39
357,359,2022-02-15 16:35:38.914000+00:00,20,-802.33,-40.1165,0.35,0.5575402296315088,902.3899999999999
358,360,2022-02-16 16:25:17.049000+00:00,20,-574.37,-28.7185,0.4,0.6565224671394913,902.3899999999999
359,361,2022-02-16 18:56:11.556000+00:00,20,-665.6199999999999,-33.28099999999999,0.4,0.6019542883113467,875.67
360,362,2022-02-17 15:30:05.130041+00:00,20,-664.5999999999999,-33.23,0.4,0.6023216850167545,875.67
361,363,2022-02-17 16:09:00.302000+00:00,20,-416.87,-20.8435,0.45,0.7313791570278821,875.67
362,364,2022-02-17 16:17:38.934000+00:00,20,-404.93,-20.2465,0.45,0.7370499042176694,875.67
363,365,2022-02-17 16:49:06.867000+00:00,20,-758.2199999999999,-37.910999999999994,0.4,0.5459896410287117,931.8999999999999
364,366,2022-02-17 17:21:50.161000+00:00,20,-560.72,-28.036,0.45,0.6361252977020967,931.8999999999999
365,367,2022-02-17 19:02:25.310000+00:00,20,-787.9899999999999,-39.399499999999996,0.4,0.5332116982898033,1010.6199999999999
366,368,2022-02-18 19:27:00.091000+00:00,20,-449.01,-22.450499999999998,0.4,0.7340161482367854,862.46
367,369,2022-02-18 20:00:39.968000+00:00,20,-429.92999999999995,-21.496499999999997,0.4,0.7424072664961086,822.8199999999999
368,370,2022-02-22 15:29:34.069000+00:00,20,-437.43,-21.8715,0.4,0.7390860885280908,822.8199999999999
369,371,2022-02-22 15:50:31.286008+00:00,20,-257.6599999999999,-12.882999999999996,0.4,0.8463135166087097,678.7399999999998
370,372,2022-02-22 15:55:15.124009+00:00,20,-267.65999999999985,-13.382999999999992,0.4,0.8412954409349375,552.8499999999999
371,373,2022-02-22 18:42:04.476000+00:00,20,-264.9299999999999,-13.246499999999994,0.4,0.8426594607435564,552.8499999999999
372,374,2022-02-22 19:43:12.137008+00:00,20,-277.2,-13.86,0.4,0.8365633493900606,552.8499999999999
373,375,2022-02-22 20:24:00.017000+00:00,20,-152.19999999999987,-7.609999999999994,0.4,0.9102631377242686,434.97
374,376,2022-02-23 16:18:05.829000+00:00,20,-135.15999999999997,-6.757999999999998,0.4,0.9195011405394782,434.97
375,377,2022-02-23 16:57:00.180000+00:00,20,334.15000000000003,16.707500000000003,0.45,1.2168903832173643,434.97
376,378,2022-02-23 18:53:21.120062+00:00,20,317.44000000000005,15.872000000000003,0.45,1.203833435001766,434.97
377,379,2022-02-23 19:03:10.301000+00:00,20,80.27000000000007,4.013500000000003,0.4,1.0470333868491675,434.97
378,380,2022-02-24 15:53:57.207055+00:00,20,-123.60999999999997,-6.1804999999999986,0.35,0.9322202116576194,434.97
379,381,2022-02-24 16:08:56.356000+00:00,20,-317.72,-15.886000000000001,0.3,0.8375448679272299,553.49
380,382,2022-02-24 18:46:47.176017+00:00,20,-301.1399999999999,-15.056999999999993,0.3,0.8447059551558409,684.05
381,383,2022-02-24 19:15:09.537000+00:00,20,-574.1000000000001,-28.705000000000005,0.25,0.7244804914335078,828.59
382,384,2022-02-25 19:30:00.010000+00:00,20,-428.99999999999994,-21.449999999999996,0.3,0.7788112522686028,828.5899999999999
383,385,2022-02-28 14:52:14.365000+00:00,20,-241.27000000000004,-12.063500000000001,0.35,0.8666589293806859,828.59
384,386,2022-02-28 15:12:11.805044+00:00,20,-447.8499999999999,-22.392499999999995,0.3,0.7700479569517044,908.2
385,387,2022-02-28 20:06:25.702002+00:00,20,-434.7900000000001,-21.739500000000003,0.3,0.7752465727932513,1042.2800000000002
386,388,2022-02-28 20:33:59.053087+00:00,20,-921.96,-46.098,0.3,0.5234166614974257,1042.2800000000002
387,389,2022-03-01 15:01:06.236005+00:00,20,-729.4600000000002,-36.473000000000006,0.35,0.5959655264090749,1042.28
388,390,2022-03-01 15:37:19.353000+00:00,20,-714.0000000000002,-35.70000000000001,0.35,0.601112861596219,1042.2800000000002
389,391,2022-03-01 16:20:05.511000+00:00,20,-1096.73,-54.8365,0.3,0.4211040263496822,1139.06
390,392,2022-03-01 16:29:00.006005+00:00,20,-1065.71,-53.2855,0.3,0.42811376442178695,1262.1200000000001
391,393,2022-03-01 19:51:34.337000+00:00,20,-1075.48,-53.774,0.3,0.4258809461529838,1410.97
392,394,2022-03-01 20:30:01.620026+00:00,20,-1071.73,-53.5865,0.3,0.4267352047584407,1549.03
393,395,2022-03-02 15:49:30.745000+00:00,20,-1472.7499999999998,-73.63749999999999,0.25,0.2636544538218472,1679.5899999999997
394,396,2022-03-02 16:02:59.162038+00:00,20,-1450.7099999999998,-72.53549999999998,0.25,0.2665921821601182,1781.6299999999999
395,397,2022-03-02 19:08:39.141036+00:00,20,-1915.7099999999996,-95.78549999999998,0.2,0.09299187546162152,1760.6099999999997
396,398,2022-03-02 19:45:00.320000+00:00,20,-1781.7299999999998,-89.08649999999999,0.2,0.09929024234887321,1632.4199999999996
397,399,2022-03-03 20:00:27.252000+00:00,20,-1775.0199999999995,-88.75099999999998,0.2,0.0996281886752256,1657.9799999999996
398,400,2022-03-03 20:34:04.520000+00:00,20,-1796.0399999999997,-89.80199999999999,0.2,0.09857712866069414,1663.9999999999998
399,401,2022-03-04 15:10:43.416007+00:00,20,-1433.3099999999995,-71.66549999999998,0.25,0.22957305110163898,1533.4399999999998
400,402,2022-03-04 15:31:09.878023+00:00,20,-1437.06,-71.853,0.25,0.22911123508711706,1447.4499999999996
401,403,2022-03-04 15:58:14.453026+00:00,20,-1433.6399999999999,-71.68199999999999,0.25,0.22953233659726785,1492.1899999999994
402,404,2022-03-04 16:03:14.177000+00:00,20,-1558.6399999999999,-77.93199999999999,0.2,0.21471972269525702,1616.2699999999995
403,405,2022-03-04 16:06:08.715091+00:00,20,-1735.35,-86.7675,0.15,0.1751746756024526,1600.9699999999993
404,406,2022-03-04 16:11:15.187003+00:00,20,-1733.5399999999995,-86.67699999999998,0.15,0.17532550937400398,1737.3199999999995
405,407,2022-03-04 16:51:00.008000+00:00,20,-1363.5399999999995,-68.17699999999998,0.2,0.30714782953338654,1737.3199999999997
406,408,2022-03-04 19:21:00.178000+00:00,20,-1312.0599999999997,-65.60299999999998,0.2,0.33330623320003455,1737.3199999999997
407,409,2022-03-04 20:03:00.002000+00:00,20,-1149.5599999999995,-57.47799999999997,0.2,0.4158769518447569,1607.2199999999993
408,410,2022-03-07 15:13:00.062000+00:00,20,-1131.27,-56.5635,0.2,0.4197782245655787,1502.6799999999994
409,411,2022-03-07 15:19:55.115000+00:00,20,-1169.33,-58.466499999999996,0.2,0.41174073589632654,1379.62
410,412,2022-03-07 15:47:21.202008+00:00,20,-1170.35,-58.5175,0.2,0.41152956556717624,1230.77
411,413,2022-03-07 18:53:52.119000+00:00,20,-1140.58,-57.028999999999996,0.2,0.41778329071019843,1092.7099999999998
412,414,2022-03-07 19:42:30.476023+00:00,20,-1119.5600000000002,-55.97800000000001,0.2,0.4223146423393068,989.0000000000005
413,415,2022-03-07 19:54:34.451011+00:00,20,-1123.3100000000002,-56.16550000000001,0.2,0.42149905240606456,1021.2700000000004
414,416,2022-03-07 20:06:09.215000+00:00,20,-1148.08,-57.403999999999996,0.2,0.4161899386228535,1014.0000000000001
415,417,2022-03-08 14:54:08.925004+00:00,20,-808.31,-40.415499999999994,0.25,0.5588911020764551,992.88
416,418,2022-03-08 16:04:20.871012+00:00,20,-368.99999999999983,-18.449999999999992,0.3,0.796282289809146,942.9099999999999
417,419,2022-03-08 16:31:45.450000+00:00,20,174.29000000000008,8.714500000000005,0.35,1.1044446974645392,942.91
418,420,2022-03-08 20:04:02.203005+00:00,20,210.30999999999995,10.515499999999998,0.35,1.1288103827379021,942.9100000000001
419,421,2022-03-08 20:30:12.121000+00:00,20,139.84999999999997,6.992499999999998,0.35,1.0856551377770702,875.73
420,422,2022-03-09 15:35:57.253038+00:00,20,140.08000000000007,7.004000000000003,0.35,1.08580809565814,875.7299999999999
421,423,2022-03-09 15:55:08.071000+00:00,20,380.30999999999995,19.015499999999996,0.4,1.2550088509816544,875.73
422,424,2022-03-09 15:58:15.633023+00:00,20,357.25,17.8625,0.4,1.2358988919850504,875.73
423,425,2022-03-09 16:20:16.980005+00:00,20,527.48,26.374000000000002,0.45,1.3780297275216076,875.73
424,426,2022-03-09 19:04:20.265035+00:00,20,534.75,26.7375,0.45,1.3852471417147554,875.73
425,427,2022-03-09 19:34:32.397000+00:00,20,179.75000000000006,8.987500000000002,0.4,1.119264837607405,875.73
426,428,2022-03-09 19:51:28.336000+00:00,20,-69.23,-3.4615,0.35,0.9575330785604311,875.7299999999999
427,429,2022-03-09 20:06:54.608000+00:00,20,-425.71000000000004,-21.285500000000003,0.3,0.7582250947028858,763.9200000000001
428,430,2022-03-11 19:39:00.018000+00:00,20,-298.2099999999999,-14.910499999999995,0.35,0.8191526780516206,632.74
429,431,2022-03-11 19:51:18.906006+00:00,20,-298.21000000000004,-14.910500000000003,0.35,0.8191526780516205,759.6500000000001
430,432,2022-03-14 14:02:41.051000+00:00,20,-289.68999999999994,-14.484499999999997,0.35,0.8234071346711859,875.21
431,433,2022-03-14 14:51:50.035000+00:00,20,-300.71000000000004,-15.035500000000003,0.35,0.8179126348806511,1005.3100000000001
432,434,2022-03-15 14:28:03.581000+00:00,20,47.25000000000003,2.3625000000000016,0.4,1.0307933942466863,1005.3100000000001
433,435,2022-03-15 19:16:07.397027+00:00,20,57.47999999999995,2.8739999999999974,0.4,1.0377118338264917,1005.3100000000002
434,436,2022-03-16 14:14:21.048000+00:00,20,270.21000000000004,13.510500000000002,0.45,1.1933690191644366,1005.3100000000001
435,437,2022-03-16 15:15:00.060000+00:00,20,84.97999999999999,4.249,0.45,1.0608138086991372,1005.3100000000001
436,438,2022-03-16 19:00:26.022010+00:00,20,-437.75000000000006,-21.887500000000003,0.4,0.7085397358048368,1005.3100000000001
437,439,2022-03-16 19:20:00.289000+00:00,20,-763.21,-38.1605,0.4,0.4918437733035049,1005.31
438,440,2022-03-17 14:14:01.969027+00:00,20,-794.79,-39.7395,0.4,0.481715030974894,1005.3100000000001
439,441,2022-03-17 14:54:07.868000+00:00,20,-1070.58,-53.528999999999996,0.35,0.35079378555055607,1035.6100000000001
440,442,2022-03-17 15:30:00.003000+00:00,20,-798.31,-39.915499999999994,0.4,0.4730557499108901,1035.6100000000001
441,443,2022-03-18 14:23:06.750000+00:00,20,-1021.5000000000001,-51.075,0.35,0.3767769331202031,939.6200000000001
442,444,2022-03-18 15:07:05.139000+00:00,20,-971.4,-48.57,0.35,0.38865673144698426,1022.55
443,445,2022-03-18 15:36:32.291000+00:00,20,-1152.19,-57.609500000000004,0.3,0.3295763993948564,1023.11
444,446,2022-03-21 13:52:08.718000+00:00,20,-674.0,-33.7,0.35,0.5759726206653583,904.0300000000001
445,447,2022-03-21 14:21:51.396000+00:00,20,-689.0,-34.45,0.35,0.570588088649565,780.97
446,448,2022-03-21 14:26:21.780036+00:00,20,-696.04,-34.802,0.35,0.5680955099406788,666.1
447,449,2022-03-21 15:02:21.405000+00:00,20,-272.0600000000001,-13.603000000000005,0.4,0.8162997974341664,666.1
448,450,2022-03-21 15:17:03.375000+00:00,20,-417.8499999999999,-20.892499999999995,0.35,0.74064303891751,523.4999999999999
449,451,2022-03-21 15:25:29.638051+00:00,20,-387.06,-19.353,0.35,0.7550733716802402,508.76
450,452,2022-03-21 16:12:00.019000+00:00,20,-353.31,-17.6655,0.35,0.7715510552451894,508.76
451,453,2022-03-21 19:20:15.248000+00:00,20,-347.29,-17.3645,0.35,0.7745660612512497,578.21
452,454,2022-03-21 19:48:44.946000+00:00,20,-711.83,-35.5915,0.3,0.5748136378840734,694.13
453,455,2022-03-22 14:11:03.164000+00:00,20,-726.14,-36.307,0.3,0.5699420185138026,832.52
454,456,2022-03-22 14:20:02.678023+00:00,20,-948.4100000000001,-47.420500000000004,0.25,0.4802720268300436,968.87
455,457,2022-03-22 14:43:29.941000+00:00,20,-1109.99,-55.4995,0.2,0.43538968635868847,1080.68
456,458,2022-03-22 16:03:00.006000+00:00,20,-848.0500000000001,-42.4025,0.25,0.544402062963361,1080.6799999999998
457,459,2022-03-22 18:36:00.018000+00:00,20,-706.44,-35.322,0.25,0.6204792091973784,997.2799999999999
458,460,2022-03-23 16:02:28.407000+00:00,20,-702.9200000000001,-35.146,0.25,0.6216547893297738,997.2800000000001
459,461,2022-03-23 18:56:34.783000+00:00,20,-720.98,-36.049,0.25,0.6156700107679351,997.28
460,462,2022-03-24 14:33:22.439000+00:00,20,-771.31,-38.5655,0.25,0.5888407944816999,997.28
461,463,2022-03-24 14:45:41.765000+00:00,20,-773.35,-38.667500000000004,0.25,0.5882011523019415,997.28
462,464,2022-03-24 18:42:00.015000+00:00,20,-404.24000000000007,-20.212000000000003,0.3,0.773018742911047,997.28
463,465,2022-03-24 19:20:00.672000+00:00,20,-404.23999999999995,-20.211999999999996,0.3,0.773018742911047,997.28
464,466,2022-03-25 14:16:41.279000+00:00,20,-706.28,-35.314,0.3,0.6034229114961763,997.2800000000001
465,467,2022-03-25 19:42:01.951000+00:00,20,-496.2799999999999,-24.813999999999997,0.35,0.698650765699574,997.2800000000001
466,118,,20,36.450000000000045,1.8225000000000022,0.4,1.0240314881721566,997.28
467,154,,20,-199.4399999999999,-9.971999999999996,0.4,0.8685091906432134,867.1800000000001
