session_date,segment,sierra_contract,databento_contract,comparison_status,sierra_events,databento_events,payload_row_count_equal,price_size_sequence_exact,side_sequence_exact_where_databento_labeled,payload_sequence_exact,timestamp_all_within_1ms,timestamp_abs_delta_ns_max,minute_all_orderflow_exact,sierra_neutral_side_events,databento_neutral_side_events,sierra_volume,databento_volume,sierra_signed_volume,databento_signed_volume,profile_1tick_exact,bar_60s_delta_1tick_exact,bar_180s_delta_1tick_exact,bar_300s_delta_1tick_exact,profile_4tick_exact,bar_60s_delta_4tick_exact,bar_180s_delta_4tick_exact,bar_300s_delta_4tick_exact,large_200_100ms_exact,profile_1tick_reference_comparable_exact,bar_60s_delta_1tick_reference_comparable_exact,bar_180s_delta_1tick_reference_comparable_exact,bar_300s_delta_1tick_reference_comparable_exact,profile_4tick_reference_comparable_exact,bar_60s_delta_4tick_reference_comparable_exact,bar_180s_delta_4tick_reference_comparable_exact,bar_300s_delta_4tick_reference_comparable_exact,large_200_100ms_reference_comparable_exact,failure_reason,databento_active_contract_partial,sierra_marker_valid,eth_status,rth_status
2025-07-14,FULL_SESSION,ESU25,ESU5,DATABENTO_EQUIVALENT_WITH_REFERENCE_GAPS,266723.0,266723.0,True,True,True,False,True,999997.0,False,0.0,1.0,847934.0,847934.0,15396.0,15740.0,False,False,False,False,False,False,False,False,False,True,True,True,True,True,True,True,True,True,databento_neutral_aggressor_side_reference_gap,False,True,DATABENTO_EQUIVALENT_WITH_REFERENCE_GAPS,DATABENTO_EVENT_EQUIVALENT
2025-07-15,FULL_SESSION,ESU25,ESU5,DATABENTO_EQUIVALENT_WITH_REFERENCE_GAPS,367453.0,367453.0,True,True,True,False,True,999999.0,False,0.0,1.0,1200376.0,1200376.0,-22422.0,-22396.0,False,False,False,False,False,False,False,False,True,True,True,True,True,True,True,True,True,True,databento_neutral_aggressor_side_reference_gap,False,True,DATABENTO_EQUIVALENT_WITH_REFERENCE_GAPS,DATABENTO_EVENT_EQUIVALENT
2025-07-16,FULL_SESSION,ESU25,ESU5,DATABENTO_EQUIVALENT_WITH_REFERENCE_GAPS,473367.0,473367.0,True,True,True,False,True,999999.0,False,0.0,1.0,1431812.0,1431812.0,11464.0,11491.0,False,False,False,False,False,False,False,False,True,True,True,True,True,True,True,True,True,True,databento_neutral_aggressor_side_reference_gap,False,True,DATABENTO_EQUIVALENT_WITH_REFERENCE_GAPS,DATABENTO_EVENT_EQUIVALENT
2025-07-17,FULL_SESSION,ESU25,ESU5,DATABENTO_EQUIVALENT_WITH_REFERENCE_GAPS,284152.0,284152.0,True,True,True,False,True,999995.0,False,0.0,1.0,977204.0,977204.0,-2464.0,-2477.0,False,False,False,False,False,False,False,False,True,True,True,True,True,True,True,True,True,True,databento_neutral_aggressor_side_reference_gap,False,True,DATABENTO_EQUIVALENT_WITH_REFERENCE_GAPS,DATABENTO_EVENT_EQUIVALENT
2025-07-18,FULL_SESSION,ESU25,ESU5,DATABENTO_EQUIVALENT_WITH_REFERENCE_GAPS,303346.0,303346.0,True,True,True,False,True,999999.0,False,0.0,1.0,983197.0,983197.0,-14989.0,-15029.0,False,False,False,False,False,False,False,False,True,True,True,True,True,True,True,True,True,True,databento_neutral_aggressor_side_reference_gap,False,True,DATABENTO_EQUIVALENT_WITH_REFERENCE_GAPS,DATABENTO_EVENT_EQUIVALENT
2025-07-21,FULL_SESSION,ESU25,ESU5,DATABENTO_EQUIVALENT_WITH_REFERENCE_GAPS,237531.0,237531.0,True,True,True,False,True,999985.0,False,0.0,1.0,850595.0,850595.0,8879.0,8933.0,False,False,False,False,False,False,False,False,True,True,True,True,True,True,True,True,True,True,databento_neutral_aggressor_side_reference_gap,False,True,DATABENTO_EQUIVALENT_WITH_REFERENCE_GAPS,DATABENTO_EVENT_EQUIVALENT
2025-07-22,FULL_SESSION,ESU25,ESU5,NOT_EVENT_EQUIVALENT,320682.0,320686.0,False,False,False,False,False,15883652809.0,False,0.0,1.0,1083954.0,1083961.0,-3986.0,-3941.0,False,False,False,False,False,False,False,False,False,False,False,False,False,False,False,False,False,False,aggressor_side_mismatch,False,True,DATABENTO_EQUIVALENT_WITH_REFERENCE_GAPS,NOT_EVENT_EQUIVALENT
2025-07-23,FULL_SESSION,ESU25,ESU5,DATABENTO_EQUIVALENT_WITH_REFERENCE_GAPS,350514.0,350514.0,True,True,True,False,True,999995.0,False,0.0,1.0,1132180.0,1132180.0,28482.0,28494.0,False,False,False,False,False,False,False,False,True,True,True,True,True,True,True,True,True,True,databento_neutral_aggressor_side_reference_gap,False,True,DATABENTO_EQUIVALENT_WITH_REFERENCE_GAPS,DATABENTO_EVENT_EQUIVALENT
2025-07-24,FULL_SESSION,ESU25,ESU5,DATABENTO_EQUIVALENT_WITH_REFERENCE_GAPS,320425.0,320425.0,True,True,True,False,True,999987.0,False,0.0,1.0,1036017.0,1036017.0,7051.0,7086.0,False,False,False,False,False,False,False,False,True,True,True,True,True,True,True,True,True,True,databento_neutral_aggressor_side_reference_gap,False,True,DATABENTO_EQUIVALENT_WITH_REFERENCE_GAPS,DATABENTO_EVENT_EQUIVALENT
2025-07-25,FULL_SESSION,ESU25,ESU5,DATABENTO_EQUIVALENT_WITH_REFERENCE_GAPS,228768.0,228768.0,True,True,True,False,True,999979.0,False,0.0,1.0,772744.0,772744.0,1596.0,1566.0,False,False,False,False,False,False,False,False,True,True,True,True,True,True,True,True,True,True,databento_neutral_aggressor_side_reference_gap,False,True,DATABENTO_EQUIVALENT_WITH_REFERENCE_GAPS,DATABENTO_EVENT_EQUIVALENT
2025-07-28,FULL_SESSION,ESU25,ESU5,DATABENTO_EQUIVALENT_WITH_REFERENCE_GAPS,262680.0,262680.0,True,True,True,False,True,999991.0,False,0.0,1.0,869880.0,869880.0,2110.0,2506.0,False,False,False,False,False,False,False,False,False,True,True,True,True,True,True,True,True,True,databento_neutral_aggressor_side_reference_gap,False,True,DATABENTO_EQUIVALENT_WITH_REFERENCE_GAPS,DATABENTO_EVENT_EQUIVALENT
2025-07-29,FULL_SESSION,ESU25,ESU5,DATABENTO_EQUIVALENT_WITH_REFERENCE_GAPS,323852.0,323852.0,True,True,True,False,True,999993.0,False,0.0,1.0,1084365.0,1084365.0,409.0,417.0,False,False,False,False,False,False,False,False,True,True,True,True,True,True,True,True,True,True,databento_neutral_aggressor_side_reference_gap,False,True,DATABENTO_EQUIVALENT_WITH_REFERENCE_GAPS,DATABENTO_EVENT_EQUIVALENT
2025-07-30,FULL_SESSION,ESU25,ESU5,DATABENTO_EQUIVALENT_WITH_REFERENCE_GAPS,382077.0,382077.0,True,True,True,False,True,999997.0,False,0.0,1.0,1162193.0,1162193.0,-6485.0,-6503.0,False,False,False,False,False,False,False,False,True,True,True,True,True,True,True,True,True,True,databento_neutral_aggressor_side_reference_gap,False,True,DATABENTO_EQUIVALENT_WITH_REFERENCE_GAPS,DATABENTO_EVENT_EQUIVALENT
2025-07-31,FULL_SESSION,ESU25,ESU5,DATABENTO_EQUIVALENT_WITH_REFERENCE_GAPS,573246.0,573246.0,True,True,True,False,True,999995.0,False,0.0,1.0,1754760.0,1754760.0,16412.0,16245.0,False,False,False,False,False,False,False,False,True,True,True,True,True,True,True,True,True,True,databento_neutral_aggressor_side_reference_gap,False,True,DATABENTO_EQUIVALENT_WITH_REFERENCE_GAPS,DATABENTO_EVENT_EQUIVALENT
2025-08-01,FULL_SESSION,ESU25,ESU5,DATABENTO_EQUIVALENT_WITH_REFERENCE_GAPS,796558.0,796558.0,True,True,True,False,True,999997.0,False,0.0,1.0,2233752.0,2233752.0,16176.0,16310.0,False,False,False,False,False,False,False,False,True,True,True,True,True,True,True,True,True,True,databento_neutral_aggressor_side_reference_gap,False,True,DATABENTO_EQUIVALENT_WITH_REFERENCE_GAPS,DATABENTO_EVENT_EQUIVALENT
2025-08-04,FULL_SESSION,ESU25,ESU5,DATABENTO_EQUIVALENT_WITH_REFERENCE_GAPS,361485.0,361485.0,True,True,True,False,True,999997.0,False,0.0,1.0,1165692.0,1165692.0,-304.0,-204.0,False,False,False,False,False,False,False,False,True,True,True,True,True,True,True,True,True,True,databento_neutral_aggressor_side_reference_gap,False,True,DATABENTO_EQUIVALENT_WITH_REFERENCE_GAPS,DATABENTO_EVENT_EQUIVALENT
2025-08-05,FULL_SESSION,ESU25,ESU5,DATABENTO_EQUIVALENT_WITH_REFERENCE_GAPS,453389.0,453389.0,True,True,True,False,True,999967.0,False,0.0,2.0,1362181.0,1362181.0,4843.0,4905.0,False,False,False,False,False,False,False,False,True,True,True,True,True,True,True,True,True,True,databento_neutral_aggressor_side_reference_gap,False,True,DATABENTO_EQUIVALENT_WITH_REFERENCE_GAPS,DATABENTO_EQUIVALENT_WITH_REFERENCE_GAPS
2025-08-06,FULL_SESSION,ESU25,ESU5,DATABENTO_EQUIVALENT_WITH_REFERENCE_GAPS,375956.0,375956.0,True,True,True,False,True,999995.0,False,0.0,1.0,1177733.0,1177733.0,3125.0,3134.0,False,False,False,False,False,False,False,False,True,True,True,True,True,True,True,True,True,True,databento_neutral_aggressor_side_reference_gap,False,True,DATABENTO_EQUIVALENT_WITH_REFERENCE_GAPS,DATABENTO_EVENT_EQUIVALENT
2025-08-07,FULL_SESSION,ESU25,ESU5,DATABENTO_EQUIVALENT_WITH_REFERENCE_GAPS,464910.0,464910.0,True,True,True,False,True,999995.0,False,0.0,1.0,1373777.0,1373777.0,-2383.0,-2621.0,False,False,False,False,False,False,False,False,False,True,True,True,True,True,True,True,True,True,databento_neutral_aggressor_side_reference_gap,False,True,DATABENTO_EQUIVALENT_WITH_REFERENCE_GAPS,DATABENTO_EVENT_EQUIVALENT
2025-08-08,FULL_SESSION,ESU25,ESU5,DATABENTO_EQUIVALENT_WITH_REFERENCE_GAPS,338350.0,338350.0,True,True,True,False,True,999985.0,False,0.0,1.0,1148025.0,1148025.0,-4669.0,-4655.0,False,False,False,False,False,False,False,False,True,True,True,True,True,True,True,True,True,True,databento_neutral_aggressor_side_reference_gap,False,True,DATABENTO_EQUIVALENT_WITH_REFERENCE_GAPS,DATABENTO_EVENT_EQUIVALENT
2025-08-11,FULL_SESSION,ESU25,ESU5,DATABENTO_EQUIVALENT_WITH_REFERENCE_GAPS,299183.0,299183.0,True,True,True,False,True,999997.0,False,0.0,1.0,989797.0,989797.0,5743.0,5825.0,False,False,False,False,False,False,False,False,True,True,True,True,True,True,True,True,True,True,databento_neutral_aggressor_side_reference_gap,False,True,DATABENTO_EQUIVALENT_WITH_REFERENCE_GAPS,DATABENTO_EVENT_EQUIVALENT
2025-08-12,FULL_SESSION,ESU25,ESU5,DATABENTO_EQUIVALENT_WITH_REFERENCE_GAPS,393269.0,393269.0,True,True,True,False,True,999989.0,False,0.0,1.0,1214753.0,1214753.0,19535.0,19575.0,False,False,False,False,False,False,False,False,True,True,True,True,True,True,True,True,True,True,databento_neutral_aggressor_side_reference_gap,False,True,DATABENTO_EQUIVALENT_WITH_REFERENCE_GAPS,DATABENTO_EVENT_EQUIVALENT
2025-08-13,FULL_SESSION,ESU25,ESU5,DATABENTO_EQUIVALENT_WITH_REFERENCE_GAPS,320630.0,320630.0,True,True,True,False,True,999997.0,False,0.0,1.0,1064786.0,1064786.0,6826.0,6862.0,False,False,False,False,False,False,False,False,True,True,True,True,True,True,True,True,True,True,databento_neutral_aggressor_side_reference_gap,False,True,DATABENTO_EQUIVALENT_WITH_REFERENCE_GAPS,DATABENTO_EVENT_EQUIVALENT
2025-08-14,FULL_SESSION,ESU25,ESU5,DATABENTO_EQUIVALENT_WITH_REFERENCE_GAPS,356593.0,356593.0,True,True,True,False,True,999999.0,False,0.0,1.0,1115217.0,1115217.0,-3333.0,-3353.0,False,False,False,False,False,False,False,False,True,True,True,True,True,True,True,True,True,True,databento_neutral_aggressor_side_reference_gap,False,True,DATABENTO_EQUIVALENT_WITH_REFERENCE_GAPS,DATABENTO_EVENT_EQUIVALENT
2025-08-15,FULL_SESSION,ESU25,ESU5,DATABENTO_EQUIVALENT_WITH_REFERENCE_GAPS,337260.0,337260.0,True,True,True,False,True,999991.0,False,0.0,1.0,1075091.0,1075091.0,13285.0,13294.0,False,False,False,False,False,False,False,False,True,True,True,True,True,True,True,True,True,True,databento_neutral_aggressor_side_reference_gap,False,True,DATABENTO_EQUIVALENT_WITH_REFERENCE_GAPS,DATABENTO_EVENT_EQUIVALENT
2025-08-18,FULL_SESSION,ESU25,ESU5,DATABENTO_EQUIVALENT_WITH_REFERENCE_GAPS,252267.0,252267.0,True,True,True,False,True,999955.0,False,0.0,1.0,795701.0,795701.0,1771.0,1817.0,False,False,False,False,False,False,False,False,True,True,True,True,True,True,True,True,True,True,databento_neutral_aggressor_side_reference_gap,False,True,DATABENTO_EQUIVALENT_WITH_REFERENCE_GAPS,DATABENTO_EVENT_EQUIVALENT
2025-08-19,FULL_SESSION,ESU25,ESU5,DATABENTO_EQUIVALENT_WITH_REFERENCE_GAPS,348258.0,348258.0,True,True,True,False,True,999999.0,False,0.0,1.0,1155353.0,1155353.0,1881.0,1861.0,False,False,False,False,False,False,False,False,True,True,True,True,True,True,True,True,True,True,databento_neutral_aggressor_side_reference_gap,False,True,DATABENTO_EQUIVALENT_WITH_REFERENCE_GAPS,DATABENTO_EVENT_EQUIVALENT
2025-08-20,FULL_SESSION,ESU25,ESU5,DATABENTO_EQUIVALENT_WITH_REFERENCE_GAPS,497932.0,497932.0,True,True,True,False,True,999997.0,False,0.0,1.0,1531405.0,1531405.0,-8071.0,-8026.0,False,False,False,False,False,False,False,False,True,True,True,True,True,True,True,True,True,True,databento_neutral_aggressor_side_reference_gap,False,True,DATABENTO_EQUIVALENT_WITH_REFERENCE_GAPS,DATABENTO_EVENT_EQUIVALENT
2025-08-21,FULL_SESSION,ESU25,ESU5,NOT_EVENT_EQUIVALENT,399153.0,399140.0,False,False,False,False,False,147210148527.0,False,0.0,1.0,1163052.0,1163052.0,-6678.0,-6668.0,False,False,False,False,False,False,False,False,False,False,False,False,False,False,False,False,False,False,aggressor_side_mismatch,False,True,NOT_EVENT_EQUIVALENT,DATABENTO_EVENT_EQUIVALENT
2025-08-22,FULL_SESSION,ESU25,ESU5,DATABENTO_EQUIVALENT_WITH_REFERENCE_GAPS,469226.0,469226.0,True,True,True,False,True,999997.0,False,0.0,1.0,1333763.0,1333763.0,19735.0,19718.0,False,False,False,False,False,False,False,False,True,True,True,True,True,True,True,True,True,True,databento_neutral_aggressor_side_reference_gap,False,True,DATABENTO_EQUIVALENT_WITH_REFERENCE_GAPS,DATABENTO_EVENT_EQUIVALENT
2025-08-25,FULL_SESSION,ESU25,ESU5,DATABENTO_EQUIVALENT_WITH_REFERENCE_GAPS,263779.0,263779.0,True,True,True,False,True,999983.0,False,0.0,1.0,849725.0,849725.0,-18601.0,-18475.0,False,False,False,False,False,False,False,False,True,True,True,True,True,True,True,True,True,True,databento_neutral_aggressor_side_reference_gap,False,True,DATABENTO_EQUIVALENT_WITH_REFERENCE_GAPS,DATABENTO_EVENT_EQUIVALENT
2025-08-26,FULL_SESSION,ESU25,ESU5,DATABENTO_EQUIVALENT_WITH_REFERENCE_GAPS,312943.0,312943.0,True,True,True,False,True,999999.0,False,0.0,1.0,1040679.0,1040679.0,8423.0,8373.0,False,False,False,False,False,False,False,False,True,True,True,True,True,True,True,True,True,True,databento_neutral_aggressor_side_reference_gap,False,True,DATABENTO_EQUIVALENT_WITH_REFERENCE_GAPS,DATABENTO_EVENT_EQUIVALENT
2025-08-27,FULL_SESSION,ESU25,ESU5,NOT_EVENT_EQUIVALENT,254557.0,254566.0,False,False,False,False,False,192685362923.0,False,0.0,1.0,874680.0,874700.0,-8266.0,-8246.0,False,False,False,False,False,False,False,False,False,False,False,False,False,False,False,False,False,False,aggressor_side_mismatch,False,True,NOT_EVENT_EQUIVALENT,DATABENTO_EVENT_EQUIVALENT
2025-08-28,FULL_SESSION,ESU25,ESU5,NOT_EVENT_EQUIVALENT,352003.0,352003.0,True,True,True,False,True,999993.0,False,0.0,1.0,1138812.0,1138812.0,16220.0,16247.0,False,False,False,False,False,False,False,False,False,True,True,True,True,True,True,True,True,False,aggressor_side_mismatch,False,True,DATABENTO_EQUIVALENT_WITH_REFERENCE_GAPS,NOT_EVENT_EQUIVALENT
2025-08-29,FULL_SESSION,ESU25,ESU5,DATABENTO_EQUIVALENT_WITH_REFERENCE_GAPS,369138.0,369138.0,True,True,True,False,True,999999.0,False,0.0,1.0,1261027.0,1261027.0,-5111.0,-5099.0,False,False,False,False,False,False,False,False,True,True,True,True,True,True,True,True,True,True,databento_neutral_aggressor_side_reference_gap,False,True,DATABENTO_EQUIVALENT_WITH_REFERENCE_GAPS,DATABENTO_EVENT_EQUIVALENT
2025-09-01,FULL_SESSION,ESU25,ESU5,DATABENTO_EQUIVALENT_WITH_REFERENCE_GAPS,48219.0,48219.0,True,True,True,False,True,999947.0,False,0.0,1.0,117583.0,117583.0,1337.0,1462.0,False,False,False,False,False,False,False,False,True,True,True,True,True,True,True,True,True,True,databento_neutral_aggressor_side_reference_gap,False,True,DATABENTO_EQUIVALENT_WITH_REFERENCE_GAPS,DATABENTO_EVENT_EQUIVALENT
2025-09-02,FULL_SESSION,ESU25,ESU5,DATABENTO_EQUIVALENT_WITH_REFERENCE_GAPS,472031.0,472031.0,True,True,True,False,True,999993.0,False,0.0,1.0,1519096.0,1519096.0,-7450.0,-7407.0,False,False,False,False,False,False,False,False,True,True,True,True,True,True,True,True,True,True,databento_neutral_aggressor_side_reference_gap,False,True,DATABENTO_EQUIVALENT_WITH_REFERENCE_GAPS,DATABENTO_EVENT_EQUIVALENT
2025-09-03,FULL_SESSION,ESU25,ESU5,DATABENTO_EQUIVALENT_WITH_REFERENCE_GAPS,415483.0,415483.0,True,True,True,False,True,999995.0,False,0.0,1.0,1407411.0,1407411.0,33261.0,33229.0,False,False,False,False,False,False,False,False,True,True,True,True,True,True,True,True,True,True,databento_neutral_aggressor_side_reference_gap,False,True,DATABENTO_EQUIVALENT_WITH_REFERENCE_GAPS,DATABENTO_EVENT_EQUIVALENT
2025-09-04,FULL_SESSION,ESU25,ESU5,DATABENTO_EQUIVALENT_WITH_REFERENCE_GAPS,304775.0,304775.0,True,True,True,False,True,999991.0,False,0.0,1.0,1121997.0,1121997.0,-6015.0,-6007.0,False,False,False,False,False,False,False,False,True,True,True,True,True,True,True,True,True,True,databento_neutral_aggressor_side_reference_gap,False,True,DATABENTO_EQUIVALENT_WITH_REFERENCE_GAPS,DATABENTO_EVENT_EQUIVALENT
2025-09-05,FULL_SESSION,ESU25,ESU5,DATABENTO_EQUIVALENT_WITH_REFERENCE_GAPS,549469.0,549469.0,True,True,True,False,True,999997.0,False,0.0,1.0,1658745.0,1658745.0,-26183.0,-26302.0,False,False,False,False,False,False,False,False,True,True,True,True,True,True,True,True,True,True,databento_neutral_aggressor_side_reference_gap,False,True,DATABENTO_EQUIVALENT_WITH_REFERENCE_GAPS,DATABENTO_EVENT_EQUIVALENT
2025-09-08,FULL_SESSION,ESU25,ESU5,DATABENTO_EQUIVALENT_WITH_REFERENCE_GAPS,308189.0,308189.0,True,True,True,False,True,999985.0,False,0.0,1.0,1066981.0,1066981.0,2111.0,2196.0,False,False,False,False,False,False,False,False,True,True,True,True,True,True,True,True,True,True,databento_neutral_aggressor_side_reference_gap,False,True,DATABENTO_EQUIVALENT_WITH_REFERENCE_GAPS,DATABENTO_EVENT_EQUIVALENT
2025-09-09,FULL_SESSION,ESU25,ESU5,DATABENTO_EQUIVALENT_WITH_REFERENCE_GAPS,320929.0,320929.0,True,True,True,False,True,999979.0,False,0.0,1.0,1090057.0,1090057.0,-4487.0,-4531.0,False,False,False,False,False,False,False,False,True,True,True,True,True,True,True,True,True,True,databento_neutral_aggressor_side_reference_gap,False,True,DATABENTO_EQUIVALENT_WITH_REFERENCE_GAPS,DATABENTO_EVENT_EQUIVALENT
2025-09-10,FULL_SESSION,ESU25,ESU5,DATABENTO_EQUIVALENT_WITH_REFERENCE_GAPS,383375.0,383375.0,True,True,True,False,True,999987.0,False,0.0,1.0,1306777.0,1306777.0,-4793.0,-4887.0,False,False,False,False,False,False,False,False,True,True,True,True,True,True,True,True,True,True,databento_neutral_aggressor_side_reference_gap,False,True,DATABENTO_EQUIVALENT_WITH_REFERENCE_GAPS,DATABENTO_EVENT_EQUIVALENT
2025-09-11,FULL_SESSION,ESU25,ESU5,DATABENTO_EQUIVALENT_WITH_REFERENCE_GAPS,318958.0,318958.0,True,True,True,False,True,999989.0,False,0.0,1.0,1130614.0,1130614.0,-1086.0,-1073.0,False,False,False,False,False,False,False,False,True,True,True,True,True,True,True,True,True,True,databento_neutral_aggressor_side_reference_gap,False,True,DATABENTO_EQUIVALENT_WITH_REFERENCE_GAPS,DATABENTO_EVENT_EQUIVALENT
2025-09-12,FULL_SESSION,ESU25,ESU5,DATABENTO_EQUIVALENT_WITH_REFERENCE_GAPS,252282.0,252282.0,True,True,True,False,True,999985.0,False,0.0,1.0,948810.0,948810.0,-19222.0,-19335.0,False,False,False,False,False,False,False,False,True,True,True,True,True,True,True,True,True,True,databento_neutral_aggressor_side_reference_gap,False,True,DATABENTO_EQUIVALENT_WITH_REFERENCE_GAPS,DATABENTO_EVENT_EQUIVALENT
2025-09-15,FULL_SESSION,ESU25,ESU5,DATABENTO_EQUIVALENT_WITH_REFERENCE_GAPS,127200.0,127200.0,True,True,True,False,True,999997.0,False,0.0,1.0,409523.0,409523.0,3981.0,3999.0,False,False,False,False,False,False,False,False,True,True,True,True,True,True,True,True,True,True,databento_neutral_aggressor_side_reference_gap,False,True,DATABENTO_EQUIVALENT_WITH_REFERENCE_GAPS,DATABENTO_EVENT_EQUIVALENT
2025-09-16,FULL_SESSION,ESZ25,ESZ5,DATABENTO_EQUIVALENT_WITH_REFERENCE_GAPS,271546.0,271546.0,True,True,True,False,True,999945.0,False,0.0,1.0,969140.0,969140.0,-24454.0,-24443.0,False,False,False,False,False,False,False,False,True,True,True,True,True,True,True,True,True,True,databento_neutral_aggressor_side_reference_gap,False,True,DATABENTO_EQUIVALENT_WITH_REFERENCE_GAPS,DATABENTO_EVENT_EQUIVALENT
2025-09-17,FULL_SESSION,ESZ25,ESZ5,DATABENTO_EQUIVALENT_WITH_REFERENCE_GAPS,483278.0,483278.0,True,True,True,False,True,999991.0,False,0.0,1.0,1394755.0,1394755.0,-35311.0,-35298.0,False,False,False,False,False,False,False,False,True,True,True,True,True,True,True,True,True,True,databento_neutral_aggressor_side_reference_gap,False,True,DATABENTO_EQUIVALENT_WITH_REFERENCE_GAPS,DATABENTO_EVENT_EQUIVALENT
2025-09-18,FULL_SESSION,ESZ25,ESZ5,DATABENTO_EQUIVALENT_WITH_REFERENCE_GAPS,400189.0,400189.0,True,True,True,False,True,999995.0,False,0.0,1.0,1319754.0,1319754.0,5334.0,5351.0,False,False,False,False,False,False,False,False,True,True,True,True,True,True,True,True,True,True,databento_neutral_aggressor_side_reference_gap,False,True,DATABENTO_EQUIVALENT_WITH_REFERENCE_GAPS,DATABENTO_EVENT_EQUIVALENT
2025-09-19,FULL_SESSION,ESZ25,ESZ5,DATABENTO_EQUIVALENT_WITH_REFERENCE_GAPS,334336.0,334336.0,True,True,True,False,True,999997.0,False,0.0,1.0,1197975.0,1197975.0,-2859.0,-2907.0,False,False,False,False,False,False,False,False,True,True,True,True,True,True,True,True,True,True,databento_neutral_aggressor_side_reference_gap,False,True,DATABENTO_EQUIVALENT_WITH_REFERENCE_GAPS,DATABENTO_EVENT_EQUIVALENT
2025-09-22,FULL_SESSION,ESZ25,ESZ5,NOT_EVENT_EQUIVALENT,273827.0,273827.0,True,True,True,False,True,999995.0,False,0.0,1.0,958228.0,958228.0,1922.0,2086.0,False,False,False,False,False,False,False,False,False,True,True,True,True,True,True,True,True,False,aggressor_side_mismatch,False,True,DATABENTO_EQUIVALENT_WITH_REFERENCE_GAPS,NOT_EVENT_EQUIVALENT
2025-09-23,FULL_SESSION,ESZ25,ESZ5,DATABENTO_EQUIVALENT_WITH_REFERENCE_GAPS,342867.0,342867.0,True,True,True,False,True,999999.0,False,0.0,1.0,1222237.0,1222237.0,-9201.0,-9150.0,False,False,False,False,False,False,False,False,True,True,True,True,True,True,True,True,True,True,databento_neutral_aggressor_side_reference_gap,False,True,DATABENTO_EQUIVALENT_WITH_REFERENCE_GAPS,DATABENTO_EVENT_EQUIVALENT
2025-09-24,FULL_SESSION,ESZ25,ESZ5,DATABENTO_EQUIVALENT_WITH_REFERENCE_GAPS,347629.0,347629.0,True,True,True,False,True,999987.0,False,0.0,1.0,1183564.0,1183564.0,-5372.0,-5430.0,False,False,False,False,False,False,False,False,True,True,True,True,True,True,True,True,True,True,databento_neutral_aggressor_side_reference_gap,False,True,DATABENTO_EQUIVALENT_WITH_REFERENCE_GAPS,DATABENTO_EVENT_EQUIVALENT
2025-09-25,FULL_SESSION,ESZ25,ESZ5,DATABENTO_EQUIVALENT_WITH_REFERENCE_GAPS,502059.0,502059.0,True,True,True,False,True,999999.0,False,0.0,1.0,1639196.0,1639196.0,-20922.0,-20948.0,False,False,False,False,False,False,False,False,True,True,True,True,True,True,True,True,True,True,databento_neutral_aggressor_side_reference_gap,False,True,DATABENTO_EQUIVALENT_WITH_REFERENCE_GAPS,DATABENTO_EVENT_EQUIVALENT
2025-09-26,FULL_SESSION,ESZ25,ESZ5,DATABENTO_EQUIVALENT_WITH_REFERENCE_GAPS,423334.0,423334.0,True,True,True,False,True,999995.0,False,0.0,1.0,1264872.0,1264872.0,-7718.0,-7756.0,False,False,False,False,False,False,False,False,True,True,True,True,True,True,True,True,True,True,databento_neutral_aggressor_side_reference_gap,False,True,DATABENTO_EQUIVALENT_WITH_REFERENCE_GAPS,DATABENTO_EVENT_EQUIVALENT
2025-09-29,FULL_SESSION,ESZ25,ESZ5,DATABENTO_EQUIVALENT_WITH_REFERENCE_GAPS,327788.0,327788.0,True,True,True,False,True,999989.0,False,0.0,1.0,1094701.0,1094701.0,-6559.0,-6537.0,False,False,False,False,False,False,False,False,True,True,True,True,True,True,True,True,True,True,databento_neutral_aggressor_side_reference_gap,False,True,DATABENTO_EQUIVALENT_WITH_REFERENCE_GAPS,DATABENTO_EVENT_EQUIVALENT
2025-09-30,FULL_SESSION,ESZ25,ESZ5,DATABENTO_EQUIVALENT_WITH_REFERENCE_GAPS,419484.0,419484.0,True,True,True,False,True,999993.0,False,0.0,1.0,1392213.0,1392213.0,19947.0,19959.0,False,False,False,False,False,False,False,False,True,True,True,True,True,True,True,True,True,True,databento_neutral_aggressor_side_reference_gap,False,True,DATABENTO_EQUIVALENT_WITH_REFERENCE_GAPS,DATABENTO_EVENT_EQUIVALENT
2025-10-01,FULL_SESSION,ESZ25,ESZ5,DATABENTO_EQUIVALENT_WITH_REFERENCE_GAPS,371255.0,371255.0,True,True,True,False,True,999999.0,False,0.0,1.0,1278987.0,1278987.0,-8741.0,-8800.0,False,False,False,False,False,False,False,False,True,True,True,True,True,True,True,True,True,True,databento_neutral_aggressor_side_reference_gap,False,True,DATABENTO_EQUIVALENT_WITH_REFERENCE_GAPS,DATABENTO_EVENT_EQUIVALENT
2025-10-02,FULL_SESSION,ESZ25,ESZ5,DATABENTO_EQUIVALENT_WITH_REFERENCE_GAPS,351847.0,351847.0,True,True,True,False,True,999997.0,False,0.0,1.0,1150591.0,1150591.0,-7837.0,-7789.0,False,False,False,False,False,False,False,False,True,True,True,True,True,True,True,True,True,True,databento_neutral_aggressor_side_reference_gap,False,True,DATABENTO_EQUIVALENT_WITH_REFERENCE_GAPS,DATABENTO_EVENT_EQUIVALENT
2025-10-03,FULL_SESSION,ESZ25,ESZ5,DATABENTO_EQUIVALENT_WITH_REFERENCE_GAPS,390275.0,390275.0,True,True,True,False,True,999977.0,False,0.0,1.0,1302351.0,1302351.0,2945.0,2953.0,False,False,False,False,False,False,False,False,True,True,True,True,True,True,True,True,True,True,databento_neutral_aggressor_side_reference_gap,False,True,DATABENTO_EQUIVALENT_WITH_REFERENCE_GAPS,DATABENTO_EVENT_EQUIVALENT
2025-10-06,FULL_SESSION,ESZ25,ESZ5,DATABENTO_EQUIVALENT_WITH_REFERENCE_GAPS,304555.0,304555.0,True,True,True,False,True,999983.0,False,0.0,1.0,985925.0,985925.0,-1509.0,-1411.0,False,False,False,False,False,False,False,False,True,True,True,True,True,True,True,True,True,True,databento_neutral_aggressor_side_reference_gap,False,True,DATABENTO_EQUIVALENT_WITH_REFERENCE_GAPS,DATABENTO_EVENT_EQUIVALENT
2025-10-07,FULL_SESSION,ESZ25,ESZ5,DATABENTO_EQUIVALENT_WITH_REFERENCE_GAPS,411854.0,411854.0,True,True,True,False,True,999999.0,False,0.0,1.0,1377856.0,1377856.0,-28256.0,-28248.0,False,False,False,False,False,False,False,False,True,True,True,True,True,True,True,True,True,True,databento_neutral_aggressor_side_reference_gap,False,True,DATABENTO_EQUIVALENT_WITH_REFERENCE_GAPS,DATABENTO_EVENT_EQUIVALENT
2025-10-08,FULL_SESSION,ESZ25,ESZ5,DATABENTO_EQUIVALENT_WITH_REFERENCE_GAPS,288478.0,288478.0,True,True,True,False,True,999985.0,False,0.0,1.0,1000581.0,1000581.0,13149.0,13132.0,False,False,False,False,False,False,False,False,True,True,True,True,True,True,True,True,True,True,databento_neutral_aggressor_side_reference_gap,False,True,DATABENTO_EQUIVALENT_WITH_REFERENCE_GAPS,DATABENTO_EVENT_EQUIVALENT
2025-10-09,FULL_SESSION,ESZ25,ESZ5,DATABENTO_EQUIVALENT_WITH_REFERENCE_GAPS,381571.0,381571.0,True,True,True,False,True,999997.0,False,0.0,1.0,1322383.0,1322383.0,-6615.0,-6584.0,False,False,False,False,False,False,False,False,True,True,True,True,True,True,True,True,True,True,databento_neutral_aggressor_side_reference_gap,False,True,DATABENTO_EQUIVALENT_WITH_REFERENCE_GAPS,DATABENTO_EVENT_EQUIVALENT
2025-10-10,FULL_SESSION,ESZ25,ESZ5,NOT_EVENT_EQUIVALENT,854600.0,854600.0,True,True,True,False,True,999997.0,False,0.0,1.0,2359931.0,2359931.0,-7907.0,-7893.0,False,False,False,False,False,False,False,False,False,True,True,True,True,True,True,True,True,False,aggressor_side_mismatch,False,True,DATABENTO_EQUIVALENT_WITH_REFERENCE_GAPS,NOT_EVENT_EQUIVALENT
2025-10-13,FULL_SESSION,ESZ25,ESZ5,DATABENTO_EQUIVALENT_WITH_REFERENCE_GAPS,595913.0,595913.0,True,True,True,False,True,999997.0,False,0.0,2.0,1671029.0,1671029.0,25011.0,25938.0,False,False,False,False,False,False,False,False,False,True,True,True,True,True,True,True,True,True,databento_neutral_aggressor_side_reference_gap,False,True,DATABENTO_EQUIVALENT_WITH_REFERENCE_GAPS,DATABENTO_EVENT_EQUIVALENT
2025-10-14,FULL_SESSION,ESZ25,ESZ5,DATABENTO_EQUIVALENT_WITH_REFERENCE_GAPS,725300.0,725300.0,True,True,True,False,True,999999.0,False,0.0,1.0,2078387.0,2078387.0,12215.0,12204.0,False,False,False,False,False,False,False,False,True,True,True,True,True,True,True,True,True,True,databento_neutral_aggressor_side_reference_gap,False,True,DATABENTO_EQUIVALENT_WITH_REFERENCE_GAPS,DATABENTO_EVENT_EQUIVALENT
2025-10-15,FULL_SESSION,ESZ25,ESZ5,NOT_EVENT_EQUIVALENT,678852.0,678852.0,True,True,True,False,True,999999.0,False,0.0,1.0,1934831.0,1934831.0,15803.0,15843.0,False,False,False,False,False,False,False,False,False,True,True,True,True,True,True,True,True,False,aggressor_side_mismatch,False,True,DATABENTO_EQUIVALENT_WITH_REFERENCE_GAPS,NOT_EVENT_EQUIVALENT
2025-10-16,FULL_SESSION,ESZ25,ESZ5,DATABENTO_EQUIVALENT_WITH_REFERENCE_GAPS,825757.0,825757.0,True,True,True,False,True,999999.0,False,0.0,1.0,2159200.0,2159200.0,-8838.0,-8903.0,False,False,False,False,False,False,False,False,True,True,True,True,True,True,True,True,True,True,databento_neutral_aggressor_side_reference_gap,False,True,DATABENTO_EQUIVALENT_WITH_REFERENCE_GAPS,DATABENTO_EVENT_EQUIVALENT
2025-10-17,FULL_SESSION,ESZ25,ESZ5,DATABENTO_EQUIVALENT_WITH_REFERENCE_GAPS,779580.0,779580.0,True,True,True,False,True,999991.0,False,0.0,1.0,2015815.0,2015815.0,3939.0,3966.0,False,False,False,False,False,False,False,False,True,True,True,True,True,True,True,True,True,True,databento_neutral_aggressor_side_reference_gap,False,True,DATABENTO_EQUIVALENT_WITH_REFERENCE_GAPS,DATABENTO_EVENT_EQUIVALENT
2025-10-20,FULL_SESSION,ESZ25,ESZ5,NOT_EVENT_EQUIVALENT,344830.0,344830.0,True,True,True,False,True,999981.0,False,0.0,1.0,1096731.0,1096731.0,10559.0,10768.0,False,False,False,False,False,False,False,False,False,True,True,True,True,True,True,True,True,False,aggressor_side_mismatch,False,True,DATABENTO_EQUIVALENT_WITH_REFERENCE_GAPS,NOT_EVENT_EQUIVALENT
2025-10-21,FULL_SESSION,ESZ25,ESZ5,NOT_EVENT_EQUIVALENT,385634.0,385634.0,True,True,True,False,True,999997.0,False,0.0,1.0,1237289.0,1237289.0,-2103.0,-2078.0,False,False,False,False,False,False,False,False,False,True,True,True,True,True,True,True,True,False,aggressor_side_mismatch,False,True,DATABENTO_EQUIVALENT_WITH_REFERENCE_GAPS,NOT_EVENT_EQUIVALENT
2025-10-22,FULL_SESSION,ESZ25,ESZ5,DATABENTO_EQUIVALENT_WITH_REFERENCE_GAPS,689964.0,689964.0,True,True,True,False,True,999995.0,False,0.0,1.0,1851434.0,1851434.0,-14796.0,-14895.0,False,False,False,False,False,False,False,False,True,True,True,True,True,True,True,True,True,True,databento_neutral_aggressor_side_reference_gap,False,True,DATABENTO_EQUIVALENT_WITH_REFERENCE_GAPS,DATABENTO_EVENT_EQUIVALENT
2025-10-23,FULL_SESSION,ESZ25,ESZ5,DATABENTO_EQUIVALENT_WITH_REFERENCE_GAPS,419803.0,419803.0,True,True,True,False,True,999995.0,False,0.0,1.0,1320096.0,1320096.0,6576.0,6589.0,False,False,False,False,False,False,False,False,True,True,True,True,True,True,True,True,True,True,databento_neutral_aggressor_side_reference_gap,False,True,DATABENTO_EQUIVALENT_WITH_REFERENCE_GAPS,DATABENTO_EVENT_EQUIVALENT
2025-10-24,FULL_SESSION,ESZ25,ESZ5,DATABENTO_EQUIVALENT_WITH_REFERENCE_GAPS,377864.0,377864.0,True,True,True,False,True,999983.0,False,0.0,1.0,1197813.0,1197813.0,9081.0,9056.0,False,False,False,False,False,False,False,False,True,True,True,True,True,True,True,True,True,True,databento_neutral_aggressor_side_reference_gap,False,True,DATABENTO_EQUIVALENT_WITH_REFERENCE_GAPS,DATABENTO_EVENT_EQUIVALENT
2025-10-27,FULL_SESSION,ESZ25,ESZ5,DATABENTO_EQUIVALENT_WITH_REFERENCE_GAPS,294968.0,294968.0,True,True,True,False,True,999979.0,False,0.0,1.0,1066023.0,1066023.0,36713.0,38047.0,False,False,False,False,False,False,False,False,False,True,True,True,True,True,True,True,True,True,databento_neutral_aggressor_side_reference_gap,False,True,DATABENTO_EQUIVALENT_WITH_REFERENCE_GAPS,DATABENTO_EVENT_EQUIVALENT
2025-10-28,FULL_SESSION,ESZ25,ESZ5,DATABENTO_EQUIVALENT_WITH_REFERENCE_GAPS,340755.0,340755.0,True,True,True,False,True,999979.0,False,0.0,1.0,1175265.0,1175265.0,1355.0,1344.0,False,False,False,False,False,False,False,False,True,True,True,True,True,True,True,True,True,True,databento_neutral_aggressor_side_reference_gap,False,True,DATABENTO_EQUIVALENT_WITH_REFERENCE_GAPS,DATABENTO_EVENT_EQUIVALENT
2025-10-29,FULL_SESSION,ESZ25,ESZ5,DATABENTO_EQUIVALENT_WITH_REFERENCE_GAPS,500713.0,500713.0,True,True,True,False,True,999995.0,False,0.0,1.0,1418647.0,1418647.0,9227.0,9181.0,False,False,False,False,False,False,False,False,True,True,True,True,True,True,True,True,True,True,databento_neutral_aggressor_side_reference_gap,False,True,DATABENTO_EQUIVALENT_WITH_REFERENCE_GAPS,DATABENTO_EVENT_EQUIVALENT
2025-10-30,FULL_SESSION,ESZ25,ESZ5,DATABENTO_EQUIVALENT_WITH_REFERENCE_GAPS,634297.0,634297.0,True,True,True,False,True,999999.0,False,0.0,1.0,1745239.0,1745239.0,-16729.0,-16623.0,False,False,False,False,False,False,False,False,True,True,True,True,True,True,True,True,True,True,databento_neutral_aggressor_side_reference_gap,False,True,DATABENTO_EQUIVALENT_WITH_REFERENCE_GAPS,DATABENTO_EVENT_EQUIVALENT
2025-10-31,FULL_SESSION,ESZ25,ESZ5,DATABENTO_EQUIVALENT_WITH_REFERENCE_GAPS,551801.0,551801.0,True,True,True,False,True,999999.0,False,0.0,1.0,1719395.0,1719395.0,-25029.0,-25074.0,False,False,False,False,False,False,False,False,True,True,True,True,True,True,True,True,True,True,databento_neutral_aggressor_side_reference_gap,False,True,DATABENTO_EQUIVALENT_WITH_REFERENCE_GAPS,DATABENTO_EVENT_EQUIVALENT
2025-11-03,FULL_SESSION,ESZ25,ESZ5,DATABENTO_EQUIVALENT_WITH_REFERENCE_GAPS,408638.0,408638.0,True,True,True,False,True,999999.0,False,0.0,1.0,1258035.0,1258035.0,-4019.0,-3902.0,False,False,False,False,False,False,False,False,True,True,True,True,True,True,True,True,True,True,databento_neutral_aggressor_side_reference_gap,False,True,DATABENTO_EQUIVALENT_WITH_REFERENCE_GAPS,DATABENTO_EVENT_EQUIVALENT
2025-11-04,FULL_SESSION,ESZ25,ESZ5,DATABENTO_EQUIVALENT_WITH_REFERENCE_GAPS,564417.0,564417.0,True,True,True,False,True,999997.0,False,0.0,1.0,1609632.0,1609632.0,-8968.0,-8929.0,False,False,False,False,False,False,False,False,True,True,True,True,True,True,True,True,True,True,databento_neutral_aggressor_side_reference_gap,False,True,DATABENTO_EQUIVALENT_WITH_REFERENCE_GAPS,DATABENTO_EVENT_EQUIVALENT
2025-11-05,FULL_SESSION,ESZ25,ESZ5,NOT_EVENT_EQUIVALENT,463940.0,463940.0,True,True,True,False,True,999999.0,False,0.0,1.0,1387627.0,1387627.0,-14617.0,-14553.0,False,False,False,False,False,False,False,False,False,True,True,True,True,True,True,True,True,False,aggressor_side_mismatch,False,True,DATABENTO_EQUIVALENT_WITH_REFERENCE_GAPS,NOT_EVENT_EQUIVALENT
2025-11-06,FULL_SESSION,ESZ25,ESZ5,DATABENTO_EQUIVALENT_WITH_REFERENCE_GAPS,635716.0,635716.0,True,True,True,False,True,999995.0,False,0.0,1.0,1788441.0,1788441.0,-8679.0,-8698.0,False,False,False,False,False,False,False,False,True,True,True,True,True,True,True,True,True,True,databento_neutral_aggressor_side_reference_gap,False,True,DATABENTO_EQUIVALENT_WITH_REFERENCE_GAPS,DATABENTO_EVENT_EQUIVALENT
2025-11-07,FULL_SESSION,ESZ25,ESZ5,DATABENTO_EQUIVALENT_WITH_REFERENCE_GAPS,703928.0,703928.0,True,True,True,False,True,999993.0,False,0.0,1.0,2032804.0,2032804.0,19108.0,19139.0,False,False,False,False,False,False,False,False,True,True,True,True,True,True,True,True,True,True,databento_neutral_aggressor_side_reference_gap,False,True,DATABENTO_EQUIVALENT_WITH_REFERENCE_GAPS,DATABENTO_EVENT_EQUIVALENT
2025-11-10,FULL_SESSION,ESZ25,ESZ5,DATABENTO_EQUIVALENT_WITH_REFERENCE_GAPS,459653.0,459653.0,True,True,True,False,True,999995.0,False,0.0,1.0,1471740.0,1471740.0,17304.0,17665.0,False,False,False,False,False,False,False,False,False,True,True,True,True,True,True,True,True,True,databento_neutral_aggressor_side_reference_gap,False,True,DATABENTO_EQUIVALENT_WITH_REFERENCE_GAPS,DATABENTO_EVENT_EQUIVALENT
2025-11-11,FULL_SESSION,ESZ25,ESZ5,DATABENTO_EQUIVALENT_WITH_REFERENCE_GAPS,425287.0,425287.0,True,True,True,False,True,999997.0,False,0.0,1.0,1304838.0,1304838.0,1284.0,1297.0,False,False,False,False,False,False,False,False,True,True,True,True,True,True,True,True,True,True,databento_neutral_aggressor_side_reference_gap,False,True,DATABENTO_EQUIVALENT_WITH_REFERENCE_GAPS,DATABENTO_EVENT_EQUIVALENT
2025-11-12,FULL_SESSION,ESZ25,ESZ5,DATABENTO_EQUIVALENT_WITH_REFERENCE_GAPS,451820.0,451820.0,True,True,True,False,True,999995.0,False,0.0,1.0,1348302.0,1348302.0,12440.0,12427.0,False,False,False,False,False,False,False,False,True,True,True,True,True,True,True,True,True,True,databento_neutral_aggressor_side_reference_gap,False,True,DATABENTO_EQUIVALENT_WITH_REFERENCE_GAPS,DATABENTO_EVENT_EQUIVALENT
2025-11-13,FULL_SESSION,ESZ25,ESZ5,DATABENTO_EQUIVALENT_WITH_REFERENCE_GAPS,720093.0,720093.0,True,True,True,False,True,999999.0,False,0.0,1.0,1986022.0,1986022.0,3724.0,3713.0,False,False,False,False,False,False,False,False,True,True,True,True,True,True,True,True,True,True,databento_neutral_aggressor_side_reference_gap,False,True,DATABENTO_EQUIVALENT_WITH_REFERENCE_GAPS,DATABENTO_EVENT_EQUIVALENT
2025-11-14,FULL_SESSION,ESZ25,ESZ5,NOT_EVENT_EQUIVALENT,744316.0,744316.0,True,True,True,False,True,999997.0,False,0.0,1.0,2031639.0,2031639.0,-31699.0,-31727.0,False,False,False,False,False,False,False,False,False,True,True,True,True,True,True,True,True,False,aggressor_side_mismatch,False,True,DATABENTO_EQUIVALENT_WITH_REFERENCE_GAPS,NOT_EVENT_EQUIVALENT
2025-11-17,FULL_SESSION,ESZ25,ESZ5,DATABENTO_EQUIVALENT_WITH_REFERENCE_GAPS,631712.0,631712.0,True,True,True,False,True,999999.0,False,0.0,1.0,1763498.0,1763498.0,-7232.0,-7146.0,False,False,False,False,False,False,False,False,True,True,True,True,True,True,True,True,True,True,databento_neutral_aggressor_side_reference_gap,False,True,DATABENTO_EQUIVALENT_WITH_REFERENCE_GAPS,DATABENTO_EVENT_EQUIVALENT
2025-11-18,FULL_SESSION,ESZ25,ESZ5,NOT_EVENT_EQUIVALENT,996915.0,996915.0,True,True,True,False,True,999999.0,False,0.0,1.0,2436496.0,2436496.0,-16600.0,-16565.0,False,False,False,False,False,False,False,False,False,True,True,True,True,True,True,True,True,False,aggressor_side_mismatch,False,True,DATABENTO_EQUIVALENT_WITH_REFERENCE_GAPS,NOT_EVENT_EQUIVALENT
2025-11-19,FULL_SESSION,ESZ25,ESZ5,DATABENTO_EQUIVALENT_WITH_REFERENCE_GAPS,754395.0,754395.0,True,True,True,False,True,999995.0,False,0.0,1.0,1955771.0,1955771.0,4761.0,4734.0,False,False,False,False,False,False,False,False,True,True,True,True,True,True,True,True,True,True,databento_neutral_aggressor_side_reference_gap,False,True,DATABENTO_EQUIVALENT_WITH_REFERENCE_GAPS,DATABENTO_EVENT_EQUIVALENT
2025-11-20,FULL_SESSION,ESZ25,ESZ5,DATABENTO_EQUIVALENT_WITH_REFERENCE_GAPS,1184039.0,1184039.0,True,True,True,False,True,999995.0,False,0.0,1.0,2900047.0,2900047.0,-20799.0,-20826.0,False,False,False,False,False,False,False,False,True,True,True,True,True,True,True,True,True,True,databento_neutral_aggressor_side_reference_gap,False,True,DATABENTO_EQUIVALENT_WITH_REFERENCE_GAPS,DATABENTO_EVENT_EQUIVALENT
2025-11-21,FULL_SESSION,ESZ25,ESZ5,DATABENTO_EQUIVALENT_WITH_REFERENCE_GAPS,1027860.0,1027860.0,True,True,True,False,True,999999.0,False,0.0,1.0,2502263.0,2502263.0,6649.0,6372.0,False,False,False,False,False,False,False,False,False,True,True,True,True,True,True,True,True,True,databento_neutral_aggressor_side_reference_gap,False,True,DATABENTO_EQUIVALENT_WITH_REFERENCE_GAPS,DATABENTO_EVENT_EQUIVALENT
2025-11-24,FULL_SESSION,ESZ25,ESZ5,DATABENTO_EQUIVALENT_WITH_REFERENCE_GAPS,547051.0,547051.0,True,True,True,False,True,999997.0,False,0.0,1.0,1499459.0,1499459.0,7919.0,8095.0,False,False,False,False,False,False,False,False,True,True,True,True,True,True,True,True,True,True,databento_neutral_aggressor_side_reference_gap,False,True,DATABENTO_EQUIVALENT_WITH_REFERENCE_GAPS,DATABENTO_EVENT_EQUIVALENT
2025-11-25,FULL_SESSION,ESZ25,ESZ5,DATABENTO_EQUIVALENT_WITH_REFERENCE_GAPS,565136.0,565136.0,True,True,True,False,True,999997.0,False,0.0,1.0,1576782.0,1576782.0,-2532.0,-2569.0,False,False,False,False,False,False,False,False,True,True,True,True,True,True,True,True,True,True,databento_neutral_aggressor_side_reference_gap,False,True,DATABENTO_EQUIVALENT_WITH_REFERENCE_GAPS,DATABENTO_EVENT_EQUIVALENT
2025-11-26,FULL_SESSION,ESZ25,ESZ5,DATABENTO_EQUIVALENT_WITH_REFERENCE_GAPS,462433.0,462433.0,True,True,True,False,True,999993.0,False,0.0,1.0,1388473.0,1388473.0,5757.0,5739.0,False,False,False,False,False,False,False,False,True,True,True,True,True,True,True,True,True,True,databento_neutral_aggressor_side_reference_gap,False,True,DATABENTO_EQUIVALENT_WITH_REFERENCE_GAPS,DATABENTO_EVENT_EQUIVALENT
2025-11-27,FULL_SESSION,ESZ25,ESZ5,DATABENTO_EQUIVALENT_WITH_REFERENCE_GAPS,48482.0,48482.0,True,True,True,False,True,999997.0,False,0.0,1.0,126792.0,126792.0,-1302.0,-1307.0,False,False,False,False,False,False,False,False,True,True,True,True,True,True,True,True,True,True,databento_neutral_aggressor_side_reference_gap,False,True,DATABENTO_EQUIVALENT_WITH_REFERENCE_GAPS,DATABENTO_EVENT_EQUIVALENT
2025-11-28,FULL_SESSION,ESZ25,ESZ5,DATABENTO_EQUIVALENT_WITH_REFERENCE_GAPS,100379.0,100379.0,True,True,True,False,True,999997.0,False,0.0,2.0,320654.0,320654.0,7418.0,7499.0,False,False,False,False,False,False,False,False,True,True,True,True,True,True,True,True,True,True,databento_neutral_aggressor_side_reference_gap,False,True,DATABENTO_EQUIVALENT_WITH_REFERENCE_GAPS,DATABENTO_EVENT_EQUIVALENT
2025-12-01,FULL_SESSION,ESZ25,ESZ5,DATABENTO_EQUIVALENT_WITH_REFERENCE_GAPS,456139.0,456139.0,True,True,True,False,True,999997.0,False,0.0,1.0,1363238.0,1363238.0,9658.0,9742.0,False,False,False,False,False,False,False,False,True,True,True,True,True,True,True,True,True,True,databento_neutral_aggressor_side_reference_gap,False,True,DATABENTO_EQUIVALENT_WITH_REFERENCE_GAPS,DATABENTO_EVENT_EQUIVALENT
2025-12-02,FULL_SESSION,ESZ25,ESZ5,DATABENTO_EQUIVALENT_WITH_REFERENCE_GAPS,470370.0,470370.0,True,True,True,False,True,999999.0,False,0.0,1.0,1404378.0,1404378.0,-1154.0,-1196.0,False,False,False,False,False,False,False,False,True,True,True,True,True,True,True,True,True,True,databento_neutral_aggressor_side_reference_gap,False,True,DATABENTO_EQUIVALENT_WITH_REFERENCE_GAPS,DATABENTO_EVENT_EQUIVALENT
2025-12-03,FULL_SESSION,ESZ25,ESZ5,DATABENTO_EQUIVALENT_WITH_REFERENCE_GAPS,409846.0,409846.0,True,True,True,False,True,999991.0,False,0.0,1.0,1239016.0,1239016.0,2238.0,2226.0,False,False,False,False,False,False,False,False,True,True,True,True,True,True,True,True,True,True,databento_neutral_aggressor_side_reference_gap,False,True,DATABENTO_EQUIVALENT_WITH_REFERENCE_GAPS,DATABENTO_EVENT_EQUIVALENT
2025-12-04,FULL_SESSION,ESZ25,ESZ5,DATABENTO_EQUIVALENT_WITH_REFERENCE_GAPS,400803.0,400803.0,True,True,True,False,True,999993.0,False,0.0,1.0,1267018.0,1267018.0,-1130.0,-1196.0,False,False,False,False,False,False,False,False,True,True,True,True,True,True,True,True,True,True,databento_neutral_aggressor_side_reference_gap,False,True,DATABENTO_EQUIVALENT_WITH_REFERENCE_GAPS,DATABENTO_EVENT_EQUIVALENT
2025-12-05,FULL_SESSION,ESZ25,ESZ5,DATABENTO_EQUIVALENT_WITH_REFERENCE_GAPS,382092.0,382092.0,True,True,True,False,True,999997.0,False,0.0,1.0,1254384.0,1254384.0,-4256.0,-4228.0,False,False,False,False,False,False,False,False,True,True,True,True,True,True,True,True,True,True,databento_neutral_aggressor_side_reference_gap,False,True,DATABENTO_EQUIVALENT_WITH_REFERENCE_GAPS,DATABENTO_EVENT_EQUIVALENT
2025-12-08,FULL_SESSION,ESZ25,ESZ5,DATABENTO_EQUIVALENT_WITH_REFERENCE_GAPS,329598.0,329598.0,True,True,True,False,True,999991.0,False,0.0,1.0,1081488.0,1081488.0,19978.0,20118.0,False,False,False,False,False,False,False,False,True,True,True,True,True,True,True,True,True,True,databento_neutral_aggressor_side_reference_gap,False,True,DATABENTO_EQUIVALENT_WITH_REFERENCE_GAPS,DATABENTO_EVENT_EQUIVALENT
2025-12-09,FULL_SESSION,ESZ25,ESZ5,DATABENTO_EQUIVALENT_WITH_REFERENCE_GAPS,313057.0,313057.0,True,True,True,False,True,999987.0,False,0.0,1.0,963955.0,963955.0,-7169.0,-7285.0,False,False,False,False,False,False,False,False,True,True,True,True,True,True,True,True,True,True,databento_neutral_aggressor_side_reference_gap,False,True,DATABENTO_EQUIVALENT_WITH_REFERENCE_GAPS,DATABENTO_EVENT_EQUIVALENT
2025-12-10,FULL_SESSION,ESZ25,ESZ5,DATABENTO_EQUIVALENT_WITH_REFERENCE_GAPS,447844.0,447844.0,True,True,True,False,True,999995.0,False,0.0,1.0,1323117.0,1323117.0,-3005.0,-3012.0,False,False,False,False,False,False,False,False,True,True,True,True,True,True,True,True,True,True,databento_neutral_aggressor_side_reference_gap,False,True,DATABENTO_EQUIVALENT_WITH_REFERENCE_GAPS,DATABENTO_EVENT_EQUIVALENT
2025-12-11,FULL_SESSION,ESZ25,ESZ5,DATABENTO_EQUIVALENT_WITH_REFERENCE_GAPS,509338.0,509338.0,True,True,True,False,True,999993.0,False,0.0,1.0,1494839.0,1494839.0,9569.0,9704.0,False,False,False,False,False,False,False,False,True,True,True,True,True,True,True,True,True,True,databento_neutral_aggressor_side_reference_gap,False,True,DATABENTO_EQUIVALENT_WITH_REFERENCE_GAPS,DATABENTO_EVENT_EQUIVALENT
2025-12-12,FULL_SESSION,ESZ25,ESZ5,DATABENTO_EQUIVALENT_WITH_REFERENCE_GAPS,643049.0,643049.0,True,True,True,False,True,999999.0,False,0.0,1.0,1818140.0,1818140.0,-15172.0,-14977.0,False,False,False,False,False,False,False,False,True,True,True,True,True,True,True,True,True,True,databento_neutral_aggressor_side_reference_gap,False,True,DATABENTO_EQUIVALENT_WITH_REFERENCE_GAPS,DATABENTO_EVENT_EQUIVALENT
2025-12-15,FULL_SESSION,ESZ25,ESZ5,DATABENTO_EQUIVALENT_WITH_REFERENCE_GAPS,247591.0,247591.0,True,True,True,False,True,999983.0,False,0.0,1.0,570623.0,570623.0,-9531.0,-9466.0,False,False,False,False,False,False,False,False,True,True,True,True,True,True,True,True,True,True,databento_neutral_aggressor_side_reference_gap,False,True,DATABENTO_EQUIVALENT_WITH_REFERENCE_GAPS,DATABENTO_EVENT_EQUIVALENT
2025-12-16,FULL_SESSION,ESH26,ESH6,NOT_EVENT_EQUIVALENT,610365.0,610365.0,True,True,True,False,True,999997.0,False,0.0,1.0,1648263.0,1648263.0,-1223.0,-1235.0,False,False,False,False,False,False,False,False,False,True,True,True,True,True,True,True,True,False,aggressor_side_mismatch,False,True,DATABENTO_EQUIVALENT_WITH_REFERENCE_GAPS,NOT_EVENT_EQUIVALENT
2025-12-17,FULL_SESSION,ESH26,ESH6,DATABENTO_EQUIVALENT_WITH_REFERENCE_GAPS,546204.0,546204.0,True,True,True,False,True,999997.0,False,0.0,1.0,1570735.0,1570735.0,-3439.0,-3453.0,False,False,False,False,False,False,False,False,True,True,True,True,True,True,True,True,True,True,databento_neutral_aggressor_side_reference_gap,False,True,DATABENTO_EQUIVALENT_WITH_REFERENCE_GAPS,DATABENTO_EVENT_EQUIVALENT
2025-12-18,FULL_SESSION,ESH26,ESH6,DATABENTO_EQUIVALENT_WITH_REFERENCE_GAPS,643912.0,643912.0,True,True,True,False,True,999993.0,False,0.0,1.0,1976575.0,1976575.0,22489.0,22451.0,False,False,False,False,False,False,False,False,True,True,True,True,True,True,True,True,True,True,databento_neutral_aggressor_side_reference_gap,False,True,DATABENTO_EQUIVALENT_WITH_REFERENCE_GAPS,DATABENTO_EVENT_EQUIVALENT
2025-12-19,FULL_SESSION,ESH26,ESH6,DATABENTO_EQUIVALENT_WITH_REFERENCE_GAPS,389578.0,389578.0,True,True,True,False,True,999999.0,False,0.0,1.0,1246763.0,1246763.0,18235.0,18221.0,False,False,False,False,False,False,False,False,True,True,True,True,True,True,True,True,True,True,databento_neutral_aggressor_side_reference_gap,False,True,DATABENTO_EQUIVALENT_WITH_REFERENCE_GAPS,DATABENTO_EVENT_EQUIVALENT
2025-12-22,FULL_SESSION,ESH26,ESH6,DATABENTO_EQUIVALENT_WITH_REFERENCE_GAPS,274508.0,274508.0,True,True,True,False,True,999999.0,False,0.0,1.0,897666.0,897666.0,4482.0,4764.0,False,False,False,False,False,False,False,False,False,True,True,True,True,True,True,True,True,True,databento_neutral_aggressor_side_reference_gap,False,True,DATABENTO_EQUIVALENT_WITH_REFERENCE_GAPS,DATABENTO_EVENT_EQUIVALENT
2025-12-23,FULL_SESSION,ESH26,ESH6,DATABENTO_EQUIVALENT_WITH_REFERENCE_GAPS,240421.0,240421.0,True,True,True,False,True,999971.0,False,0.0,1.0,814215.0,814215.0,8625.0,8620.0,False,False,False,False,False,False,False,False,True,True,True,True,True,True,True,True,True,True,databento_neutral_aggressor_side_reference_gap,False,True,DATABENTO_EQUIVALENT_WITH_REFERENCE_GAPS,DATABENTO_EVENT_EQUIVALENT
2025-12-24,FULL_SESSION,ESH26,ESH6,DATABENTO_EQUIVALENT_WITH_REFERENCE_GAPS,128395.0,128395.0,True,True,True,False,True,999999.0,False,0.0,1.0,464253.0,464253.0,601.0,554.0,False,False,False,False,False,False,False,False,True,True,True,True,True,True,True,True,True,True,databento_neutral_aggressor_side_reference_gap,False,True,DATABENTO_EQUIVALENT_WITH_REFERENCE_GAPS,DATABENTO_EVENT_EQUIVALENT
2025-12-26,FULL_SESSION,ESH26,ESH6,DATABENTO_EQUIVALENT_WITH_REFERENCE_GAPS,186871.0,186871.0,True,True,True,False,True,999941.0,False,0.0,1.0,564780.0,564780.0,4058.0,4086.0,False,False,False,False,False,False,False,False,True,True,True,True,True,True,True,True,True,True,databento_neutral_aggressor_side_reference_gap,False,True,DATABENTO_EQUIVALENT_WITH_REFERENCE_GAPS,DATABENTO_EVENT_EQUIVALENT
2025-12-29,FULL_SESSION,ESH26,ESH6,DATABENTO_EQUIVALENT_WITH_REFERENCE_GAPS,255312.0,255312.0,True,True,True,False,True,999993.0,False,0.0,1.0,806641.0,806641.0,-1991.0,-1956.0,False,False,False,False,False,False,False,False,True,True,True,True,True,True,True,True,True,True,databento_neutral_aggressor_side_reference_gap,False,True,DATABENTO_EQUIVALENT_WITH_REFERENCE_GAPS,DATABENTO_EVENT_EQUIVALENT
2025-12-30,FULL_SESSION,ESH26,ESH6,NOT_EVENT_EQUIVALENT,211182.0,211182.0,True,True,True,False,True,999989.0,False,0.0,1.0,722797.0,722797.0,9233.0,9237.0,False,False,False,False,False,False,False,False,False,True,True,True,True,True,True,True,True,False,aggressor_side_mismatch,False,True,DATABENTO_EQUIVALENT_WITH_REFERENCE_GAPS,NOT_EVENT_EQUIVALENT
2025-12-31,FULL_SESSION,ESH26,ESH6,DATABENTO_EQUIVALENT_WITH_REFERENCE_GAPS,241816.0,241816.0,True,True,True,False,True,999993.0,False,0.0,1.0,883079.0,883079.0,-14407.0,-14403.0,False,False,False,False,False,False,False,False,True,True,True,True,True,True,True,True,True,True,databento_neutral_aggressor_side_reference_gap,False,True,DATABENTO_EQUIVALENT_WITH_REFERENCE_GAPS,DATABENTO_EVENT_EQUIVALENT
2026-01-02,FULL_SESSION,ESH26,ESH6,DATABENTO_EQUIVALENT_WITH_REFERENCE_GAPS,451379.0,451379.0,True,True,True,False,True,999997.0,False,0.0,1.0,1464121.0,1464121.0,12673.0,12583.0,False,False,False,False,False,False,False,False,True,True,True,True,True,True,True,True,True,True,databento_neutral_aggressor_side_reference_gap,False,True,DATABENTO_EQUIVALENT_WITH_REFERENCE_GAPS,DATABENTO_EVENT_EQUIVALENT
2026-01-05,FULL_SESSION,ESH26,ESH6,DATABENTO_EQUIVALENT_WITH_REFERENCE_GAPS,346616.0,346616.0,True,True,True,False,True,999989.0,False,0.0,1.0,1161029.0,1161029.0,13233.0,13475.0,False,False,False,False,False,False,False,False,False,True,True,True,True,True,True,True,True,True,databento_neutral_aggressor_side_reference_gap,False,True,DATABENTO_EQUIVALENT_WITH_REFERENCE_GAPS,DATABENTO_EVENT_EQUIVALENT
2026-01-06,FULL_SESSION,ESH26,ESH6,DATABENTO_EQUIVALENT_WITH_REFERENCE_GAPS,325086.0,325086.0,True,True,True,False,True,999993.0,False,0.0,1.0,1122313.0,1122313.0,14159.0,14120.0,False,False,False,False,False,False,False,False,True,True,True,True,True,True,True,True,True,True,databento_neutral_aggressor_side_reference_gap,False,True,DATABENTO_EQUIVALENT_WITH_REFERENCE_GAPS,DATABENTO_EVENT_EQUIVALENT
2026-01-07,FULL_SESSION,ESH26,ESH6,DATABENTO_EQUIVALENT_WITH_REFERENCE_GAPS,347129.0,347129.0,True,True,True,False,True,999995.0,False,0.0,1.0,1184092.0,1184092.0,-29486.0,-29439.0,False,False,False,False,False,False,False,False,True,True,True,True,True,True,True,True,True,True,databento_neutral_aggressor_side_reference_gap,False,True,DATABENTO_EQUIVALENT_WITH_REFERENCE_GAPS,DATABENTO_EVENT_EQUIVALENT
2026-01-08,FULL_SESSION,ESH26,ESH6,DATABENTO_EQUIVALENT_WITH_REFERENCE_GAPS,396050.0,396050.0,True,True,True,False,True,999999.0,False,0.0,1.0,1257409.0,1257409.0,13899.0,13890.0,False,False,False,False,False,False,False,False,True,True,True,True,True,True,True,True,True,True,databento_neutral_aggressor_side_reference_gap,False,True,DATABENTO_EQUIVALENT_WITH_REFERENCE_GAPS,DATABENTO_EVENT_EQUIVALENT
2026-01-09,FULL_SESSION,ESH26,ESH6,DATABENTO_EQUIVALENT_WITH_REFERENCE_GAPS,385165.0,385165.0,True,True,True,False,True,999991.0,False,0.0,1.0,1265210.0,1265210.0,-7324.0,-7341.0,False,False,False,False,False,False,False,False,True,True,True,True,True,True,True,True,True,True,databento_neutral_aggressor_side_reference_gap,False,True,DATABENTO_EQUIVALENT_WITH_REFERENCE_GAPS,DATABENTO_EVENT_EQUIVALENT
2026-01-12,FULL_SESSION,ESH26,ESH6,DATABENTO_EQUIVALENT_WITH_REFERENCE_GAPS,299295.0,299295.0,True,True,True,False,True,999993.0,False,0.0,1.0,955200.0,955200.0,2748.0,2860.0,False,False,False,False,False,False,False,False,True,True,True,True,True,True,True,True,True,True,databento_neutral_aggressor_side_reference_gap,False,True,DATABENTO_EQUIVALENT_WITH_REFERENCE_GAPS,DATABENTO_EVENT_EQUIVALENT
2026-01-13,FULL_SESSION,ESH26,ESH6,DATABENTO_EQUIVALENT_WITH_REFERENCE_GAPS,416982.0,416982.0,True,True,True,False,True,999999.0,False,0.0,1.0,1327248.0,1327248.0,-2994.0,-3058.0,False,False,False,False,False,False,False,False,True,True,True,True,True,True,True,True,True,True,databento_neutral_aggressor_side_reference_gap,False,True,DATABENTO_EQUIVALENT_WITH_REFERENCE_GAPS,DATABENTO_EVENT_EQUIVALENT
2026-01-14,FULL_SESSION,ESH26,ESH6,DATABENTO_EQUIVALENT_WITH_REFERENCE_GAPS,548467.0,548467.0,True,True,True,False,True,999999.0,False,0.0,1.0,1649272.0,1649272.0,22696.0,22701.0,False,False,False,False,False,False,False,False,True,True,True,True,True,True,True,True,True,True,databento_neutral_aggressor_side_reference_gap,False,True,DATABENTO_EQUIVALENT_WITH_REFERENCE_GAPS,DATABENTO_EVENT_EQUIVALENT
2026-01-15,FULL_SESSION,ESH26,ESH6,DATABENTO_EQUIVALENT_WITH_REFERENCE_GAPS,402364.0,402364.0,True,True,True,False,True,999995.0,False,0.0,1.0,1257833.0,1257833.0,-385.0,-332.0,False,False,False,False,False,False,False,False,True,True,True,True,True,True,True,True,True,True,databento_neutral_aggressor_side_reference_gap,False,True,DATABENTO_EQUIVALENT_WITH_REFERENCE_GAPS,DATABENTO_EVENT_EQUIVALENT
2026-01-16,FULL_SESSION,ESH26,ESH6,DATABENTO_EQUIVALENT_WITH_REFERENCE_GAPS,370493.0,370493.0,True,True,True,False,True,999997.0,False,0.0,1.0,1200233.0,1200233.0,-11785.0,-11860.0,False,False,False,False,False,False,False,False,True,True,True,True,True,True,True,True,True,True,databento_neutral_aggressor_side_reference_gap,False,True,DATABENTO_EQUIVALENT_WITH_REFERENCE_GAPS,DATABENTO_EVENT_EQUIVALENT
2026-01-19,FULL_SESSION,ESH26,ESH6,DATABENTO_EQUIVALENT_WITH_REFERENCE_GAPS,119383.0,119383.0,True,True,True,False,True,999997.0,False,0.0,1.0,306038.0,306038.0,-5694.0,-4924.0,False,False,False,False,False,False,False,False,False,True,True,True,True,True,True,True,True,True,databento_neutral_aggressor_side_reference_gap,False,True,DATABENTO_EQUIVALENT_WITH_REFERENCE_GAPS,DATABENTO_EVENT_EQUIVALENT
2026-01-20,FULL_SESSION,ESH26,ESH6,DATABENTO_EQUIVALENT_WITH_REFERENCE_GAPS,658475.0,658475.0,True,True,True,False,True,999995.0,False,0.0,1.0,1944797.0,1944797.0,14617.0,14552.0,False,False,False,False,False,False,False,False,True,True,True,True,True,True,True,True,True,True,databento_neutral_aggressor_side_reference_gap,False,True,DATABENTO_EQUIVALENT_WITH_REFERENCE_GAPS,DATABENTO_EVENT_EQUIVALENT
2026-01-21,FULL_SESSION,ESH26,ESH6,DATABENTO_EQUIVALENT_WITH_REFERENCE_GAPS,776611.0,776611.0,True,True,True,False,True,999997.0,False,0.0,1.0,2148145.0,2148145.0,26229.0,26219.0,False,False,False,False,False,False,False,False,True,True,True,True,True,True,True,True,True,True,databento_neutral_aggressor_side_reference_gap,False,True,DATABENTO_EQUIVALENT_WITH_REFERENCE_GAPS,DATABENTO_EVENT_EQUIVALENT
2026-01-22,FULL_SESSION,ESH26,ESH6,DATABENTO_EQUIVALENT_WITH_REFERENCE_GAPS,423667.0,423667.0,True,True,True,False,True,999999.0,False,0.0,1.0,1273984.0,1273984.0,3832.0,3773.0,False,False,False,False,False,False,False,False,True,True,True,True,True,True,True,True,True,True,databento_neutral_aggressor_side_reference_gap,False,True,DATABENTO_EQUIVALENT_WITH_REFERENCE_GAPS,DATABENTO_EVENT_EQUIVALENT
2026-01-23,FULL_SESSION,ESH26,ESH6,DATABENTO_EQUIVALENT_WITH_REFERENCE_GAPS,387451.0,387451.0,True,True,True,False,True,999997.0,False,0.0,1.0,1165597.0,1165597.0,5575.0,5596.0,False,False,False,False,False,False,False,False,True,True,True,True,True,True,True,True,True,True,databento_neutral_aggressor_side_reference_gap,False,True,DATABENTO_EQUIVALENT_WITH_REFERENCE_GAPS,DATABENTO_EVENT_EQUIVALENT
2026-01-26,FULL_SESSION,ESH26,ESH6,DATABENTO_EQUIVALENT_WITH_REFERENCE_GAPS,316256.0,316256.0,True,True,True,False,True,999997.0,False,0.0,1.0,959234.0,959234.0,1024.0,1380.0,False,False,False,False,False,False,False,False,False,True,True,True,True,True,True,True,True,True,databento_neutral_aggressor_side_reference_gap,False,True,DATABENTO_EQUIVALENT_WITH_REFERENCE_GAPS,DATABENTO_EVENT_EQUIVALENT
2026-01-27,FULL_SESSION,ESH26,ESH6,DATABENTO_EQUIVALENT_WITH_REFERENCE_GAPS,275351.0,275351.0,True,True,True,False,True,999993.0,False,0.0,1.0,927269.0,927269.0,12981.0,12865.0,False,False,False,False,False,False,False,False,True,True,True,True,True,True,True,True,True,True,databento_neutral_aggressor_side_reference_gap,False,True,DATABENTO_EQUIVALENT_WITH_REFERENCE_GAPS,DATABENTO_EVENT_EQUIVALENT
2026-01-28,FULL_SESSION,ESH26,ESH6,DATABENTO_EQUIVALENT_WITH_REFERENCE_GAPS,384887.0,384887.0,True,True,True,False,True,999999.0,False,0.0,1.0,1098508.0,1098508.0,7652.0,7606.0,False,False,False,False,False,False,False,False,True,True,True,True,True,True,True,True,True,True,databento_neutral_aggressor_side_reference_gap,False,True,DATABENTO_EQUIVALENT_WITH_REFERENCE_GAPS,DATABENTO_EVENT_EQUIVALENT
2026-01-29,FULL_SESSION,ESH26,ESH6,DATABENTO_EQUIVALENT_WITH_REFERENCE_GAPS,699109.0,699109.0,True,True,True,False,True,999999.0,False,0.0,1.0,1910958.0,1910958.0,-2632.0,-2683.0,False,False,False,False,False,False,False,False,True,True,True,True,True,True,True,True,True,True,databento_neutral_aggressor_side_reference_gap,False,True,DATABENTO_EQUIVALENT_WITH_REFERENCE_GAPS,DATABENTO_EVENT_EQUIVALENT
2026-01-30,FULL_SESSION,ESH26,ESH6,DATABENTO_EQUIVALENT_WITH_REFERENCE_GAPS,729433.0,729433.0,True,True,True,False,True,999999.0,False,0.0,1.0,1952048.0,1952048.0,17154.0,17089.0,False,False,False,False,False,False,False,False,True,True,True,True,True,True,True,True,True,True,databento_neutral_aggressor_side_reference_gap,False,True,DATABENTO_EQUIVALENT_WITH_REFERENCE_GAPS,DATABENTO_EVENT_EQUIVALENT
2026-02-02,FULL_SESSION,ESH26,ESH6,NOT_EVENT_EQUIVALENT,503602.0,503602.0,True,True,True,False,True,999989.0,False,0.0,1.0,1385423.0,1385423.0,-8729.0,-8203.0,False,False,False,False,False,False,False,False,False,True,True,True,True,True,True,True,True,False,aggressor_side_mismatch,False,True,DATABENTO_EQUIVALENT_WITH_REFERENCE_GAPS,NOT_EVENT_EQUIVALENT
2026-02-03,FULL_SESSION,ESH26,ESH6,DATABENTO_EQUIVALENT_WITH_REFERENCE_GAPS,678451.0,678451.0,True,True,True,False,True,999995.0,False,0.0,1.0,1858882.0,1858882.0,7546.0,7429.0,False,False,False,False,False,False,False,False,True,True,True,True,True,True,True,True,True,True,databento_neutral_aggressor_side_reference_gap,False,True,DATABENTO_EQUIVALENT_WITH_REFERENCE_GAPS,DATABENTO_EVENT_EQUIVALENT
2026-02-04,FULL_SESSION,ESH26,ESH6,DATABENTO_EQUIVALENT_WITH_REFERENCE_GAPS,783653.0,783653.0,True,True,True,False,True,999999.0,False,0.0,1.0,2055287.0,2055287.0,14385.0,14416.0,False,False,False,False,False,False,False,False,True,True,True,True,True,True,True,True,True,True,databento_neutral_aggressor_side_reference_gap,False,True,DATABENTO_EQUIVALENT_WITH_REFERENCE_GAPS,DATABENTO_EVENT_EQUIVALENT
2026-02-05,FULL_SESSION,ESH26,ESH6,DATABENTO_EQUIVALENT_WITH_REFERENCE_GAPS,837842.0,837842.0,True,True,True,False,True,999999.0,False,0.0,1.0,2013236.0,2013236.0,10856.0,10948.0,False,False,False,False,False,False,False,False,True,True,True,True,True,True,True,True,True,True,databento_neutral_aggressor_side_reference_gap,False,True,DATABENTO_EQUIVALENT_WITH_REFERENCE_GAPS,DATABENTO_EVENT_EQUIVALENT
2026-02-06,FULL_SESSION,ESH26,ESH6,DATABENTO_EQUIVALENT_WITH_REFERENCE_GAPS,627549.0,627549.0,True,True,True,False,True,999999.0,False,0.0,1.0,1750968.0,1750968.0,-502.0,-456.0,False,False,False,False,False,False,False,False,True,True,True,True,True,True,True,True,True,True,databento_neutral_aggressor_side_reference_gap,False,True,DATABENTO_EQUIVALENT_WITH_REFERENCE_GAPS,DATABENTO_EVENT_EQUIVALENT
2026-02-09,FULL_SESSION,ESH26,ESH6,DATABENTO_EQUIVALENT_WITH_REFERENCE_GAPS,401034.0,401034.0,True,True,True,False,True,999997.0,False,0.0,1.0,1097873.0,1097873.0,-5239.0,-4959.0,False,False,False,False,False,False,False,False,False,True,True,True,True,True,True,True,True,True,databento_neutral_aggressor_side_reference_gap,False,True,DATABENTO_EQUIVALENT_WITH_REFERENCE_GAPS,DATABENTO_EVENT_EQUIVALENT
2026-02-10,FULL_SESSION,ESH26,ESH6,DATABENTO_EQUIVALENT_WITH_REFERENCE_GAPS,399868.0,399868.0,True,True,True,False,True,999999.0,False,0.0,1.0,1134685.0,1134685.0,3623.0,3586.0,False,False,False,False,False,False,False,False,True,True,True,True,True,True,True,True,True,True,databento_neutral_aggressor_side_reference_gap,False,True,DATABENTO_EQUIVALENT_WITH_REFERENCE_GAPS,DATABENTO_EVENT_EQUIVALENT
2026-02-11,FULL_SESSION,ESH26,ESH6,DATABENTO_EQUIVALENT_WITH_REFERENCE_GAPS,529602.0,529602.0,True,True,True,False,True,999999.0,False,0.0,1.0,1453795.0,1453795.0,6511.0,6466.0,False,False,False,False,False,False,False,False,True,True,True,True,True,True,True,True,True,True,databento_neutral_aggressor_side_reference_gap,False,True,DATABENTO_EQUIVALENT_WITH_REFERENCE_GAPS,DATABENTO_EVENT_EQUIVALENT
2026-02-12,FULL_SESSION,ESH26,ESH6,DATABENTO_EQUIVALENT_WITH_REFERENCE_GAPS,692983.0,692983.0,True,True,True,False,True,999997.0,False,0.0,1.0,1965517.0,1965517.0,13005.0,12986.0,False,False,False,False,False,False,False,False,True,True,True,True,True,True,True,True,True,True,databento_neutral_aggressor_side_reference_gap,False,True,DATABENTO_EQUIVALENT_WITH_REFERENCE_GAPS,DATABENTO_EVENT_EQUIVALENT
2026-02-13,FULL_SESSION,ESH26,ESH6,DATABENTO_EQUIVALENT_WITH_REFERENCE_GAPS,702589.0,702589.0,True,True,True,False,True,999995.0,False,0.0,1.0,1740024.0,1740024.0,-9378.0,-9421.0,False,False,False,False,False,False,False,False,True,True,True,True,True,True,True,True,True,True,databento_neutral_aggressor_side_reference_gap,False,True,DATABENTO_EQUIVALENT_WITH_REFERENCE_GAPS,DATABENTO_EVENT_EQUIVALENT
2026-02-16,FULL_SESSION,ESH26,ESH6,DATABENTO_EQUIVALENT_WITH_REFERENCE_GAPS,80307.0,80307.0,True,True,True,False,True,999933.0,False,0.0,1.0,183127.0,183127.0,-1857.0,-1820.0,False,False,False,False,False,False,False,False,True,True,True,True,True,True,True,True,True,True,databento_neutral_aggressor_side_reference_gap,False,True,DATABENTO_EQUIVALENT_WITH_REFERENCE_GAPS,DATABENTO_EVENT_EQUIVALENT
2026-02-17,FULL_SESSION,ESH26,ESH6,DATABENTO_EQUIVALENT_WITH_REFERENCE_GAPS,611705.0,611705.0,True,True,True,False,True,999999.0,False,0.0,1.0,1546796.0,1546796.0,9094.0,9057.0,False,False,False,False,False,False,False,False,True,True,True,True,True,True,True,True,True,True,databento_neutral_aggressor_side_reference_gap,False,True,DATABENTO_EQUIVALENT_WITH_REFERENCE_GAPS,DATABENTO_EVENT_EQUIVALENT
2026-02-18,FULL_SESSION,ESH26,ESH6,DATABENTO_EQUIVALENT_WITH_REFERENCE_GAPS,432687.0,432687.0,True,True,True,False,True,999995.0,False,0.0,1.0,1290368.0,1290368.0,5276.0,5250.0,False,False,False,False,False,False,False,False,True,True,True,True,True,True,True,True,True,True,databento_neutral_aggressor_side_reference_gap,False,True,DATABENTO_EQUIVALENT_WITH_REFERENCE_GAPS,DATABENTO_EVENT_EQUIVALENT
2026-02-19,FULL_SESSION,ESH26,ESH6,DATABENTO_EQUIVALENT_WITH_REFERENCE_GAPS,436417.0,436417.0,True,True,True,False,True,999991.0,False,0.0,1.0,1224494.0,1224494.0,7978.0,7979.0,False,False,False,False,False,False,False,False,True,True,True,True,True,True,True,True,True,True,databento_neutral_aggressor_side_reference_gap,False,True,DATABENTO_EQUIVALENT_WITH_REFERENCE_GAPS,DATABENTO_EVENT_EQUIVALENT
2026-02-20,FULL_SESSION,ESH26,ESH6,DATABENTO_EQUIVALENT_WITH_REFERENCE_GAPS,625493.0,625493.0,True,True,True,False,True,999995.0,False,0.0,1.0,1733655.0,1733655.0,4389.0,4357.0,False,False,False,False,False,False,False,False,True,True,True,True,True,True,True,True,True,True,databento_neutral_aggressor_side_reference_gap,False,True,DATABENTO_EQUIVALENT_WITH_REFERENCE_GAPS,DATABENTO_EVENT_EQUIVALENT
2026-02-23,FULL_SESSION,ESH26,ESH6,DATABENTO_EQUIVALENT_WITH_REFERENCE_GAPS,476427.0,476427.0,True,True,True,False,True,999995.0,False,0.0,1.0,1358114.0,1358114.0,4346.0,4664.0,False,False,False,False,False,False,False,False,False,True,True,True,True,True,True,True,True,True,databento_neutral_aggressor_side_reference_gap,False,True,DATABENTO_EQUIVALENT_WITH_REFERENCE_GAPS,DATABENTO_EVENT_EQUIVALENT
2026-02-24,FULL_SESSION,ESH26,ESH6,DATABENTO_EQUIVALENT_WITH_REFERENCE_GAPS,434243.0,434243.0,True,True,True,False,True,999999.0,False,0.0,1.0,1291152.0,1291152.0,11392.0,11343.0,False,False,False,False,False,False,False,False,True,True,True,True,True,True,True,True,True,True,databento_neutral_aggressor_side_reference_gap,False,True,DATABENTO_EQUIVALENT_WITH_REFERENCE_GAPS,DATABENTO_EVENT_EQUIVALENT
2026-02-25,FULL_SESSION,ESH26,ESH6,DATABENTO_EQUIVALENT_WITH_REFERENCE_GAPS,301737.0,301737.0,True,True,True,False,True,999995.0,False,0.0,1.0,969884.0,969884.0,14110.0,14091.0,False,False,False,False,False,False,False,False,True,True,True,True,True,True,True,True,True,True,databento_neutral_aggressor_side_reference_gap,False,True,DATABENTO_EQUIVALENT_WITH_REFERENCE_GAPS,DATABENTO_EVENT_EQUIVALENT
2026-02-26,FULL_SESSION,ESH26,ESH6,DATABENTO_EQUIVALENT_WITH_REFERENCE_GAPS,508747.0,508747.0,True,True,True,False,True,999999.0,False,0.0,2.0,1504653.0,1504653.0,3705.0,3731.0,False,False,False,False,False,False,False,False,True,True,True,True,True,True,True,True,True,True,databento_neutral_aggressor_side_reference_gap,False,True,DATABENTO_EQUIVALENT_WITH_REFERENCE_GAPS,DATABENTO_EVENT_EQUIVALENT
2026-02-27,FULL_SESSION,ESH26,ESH6,DATABENTO_EQUIVALENT_WITH_REFERENCE_GAPS,504243.0,504243.0,True,True,True,False,True,999993.0,False,0.0,1.0,1536963.0,1536963.0,14289.0,14371.0,False,False,False,False,False,False,False,False,True,True,True,True,True,True,True,True,True,True,databento_neutral_aggressor_side_reference_gap,False,True,DATABENTO_EQUIVALENT_WITH_REFERENCE_GAPS,DATABENTO_EVENT_EQUIVALENT
2026-03-02,FULL_SESSION,ESH26,ESH6,DATABENTO_EQUIVALENT_WITH_REFERENCE_GAPS,631653.0,631653.0,True,True,True,False,True,999999.0,False,0.0,1.0,1723102.0,1723102.0,-7420.0,-6147.0,False,False,False,False,False,False,False,False,False,True,True,True,True,True,True,True,True,True,databento_neutral_aggressor_side_reference_gap,False,True,DATABENTO_EQUIVALENT_WITH_REFERENCE_GAPS,DATABENTO_EVENT_EQUIVALENT
2026-03-03,FULL_SESSION,ESH26,ESH6,DATABENTO_EQUIVALENT_WITH_REFERENCE_GAPS,851971.0,851971.0,True,True,True,False,True,999999.0,False,0.0,1.0,2188605.0,2188605.0,7745.0,7761.0,False,False,False,False,False,False,False,False,True,True,True,True,True,True,True,True,True,True,databento_neutral_aggressor_side_reference_gap,False,True,DATABENTO_EQUIVALENT_WITH_REFERENCE_GAPS,DATABENTO_EVENT_EQUIVALENT
2026-03-04,FULL_SESSION,ESH26,ESH6,DATABENTO_EQUIVALENT_WITH_REFERENCE_GAPS,552887.0,552887.0,True,True,True,False,True,999997.0,False,0.0,1.0,1481062.0,1481062.0,-5120.0,-5111.0,False,False,False,False,False,False,False,False,True,True,True,True,True,True,True,True,True,True,databento_neutral_aggressor_side_reference_gap,False,True,DATABENTO_EQUIVALENT_WITH_REFERENCE_GAPS,DATABENTO_EVENT_EQUIVALENT
2026-03-05,FULL_SESSION,ESH26,ESH6,DATABENTO_EQUIVALENT_WITH_REFERENCE_GAPS,683678.0,683678.0,True,True,True,False,True,999999.0,False,0.0,1.0,1828396.0,1828396.0,20796.0,20714.0,False,False,False,False,False,False,False,False,True,True,True,True,True,True,True,True,True,True,databento_neutral_aggressor_side_reference_gap,False,True,DATABENTO_EQUIVALENT_WITH_REFERENCE_GAPS,DATABENTO_EVENT_EQUIVALENT
2026-03-06,FULL_SESSION,ESH26,ESH6,DATABENTO_EQUIVALENT_WITH_REFERENCE_GAPS,708975.0,708975.0,True,True,True,False,True,999999.0,False,0.0,1.0,1796687.0,1796687.0,1803.0,1784.0,False,False,False,False,False,False,False,False,True,True,True,True,True,True,True,True,True,True,databento_neutral_aggressor_side_reference_gap,False,True,DATABENTO_EQUIVALENT_WITH_REFERENCE_GAPS,DATABENTO_EVENT_EQUIVALENT
2026-03-09,FULL_SESSION,ESH26,ESH6,DATABENTO_EQUIVALENT_WITH_REFERENCE_GAPS,835620.0,835620.0,True,True,True,False,True,999995.0,False,0.0,1.0,2070571.0,2070571.0,22393.0,23617.0,False,False,False,False,False,False,False,False,False,True,True,True,True,True,True,True,True,True,databento_neutral_aggressor_side_reference_gap,False,True,DATABENTO_EQUIVALENT_WITH_REFERENCE_GAPS,DATABENTO_EVENT_EQUIVALENT
2026-03-10,FULL_SESSION,ESH26,ESH6,DATABENTO_EQUIVALENT_WITH_REFERENCE_GAPS,716639.0,716639.0,True,True,True,False,True,999999.0,False,0.0,1.0,1848086.0,1848086.0,-548.0,-795.0,False,False,False,False,False,False,False,False,False,True,True,True,True,True,True,True,True,True,databento_neutral_aggressor_side_reference_gap,False,True,DATABENTO_EQUIVALENT_WITH_REFERENCE_GAPS,DATABENTO_EVENT_EQUIVALENT
2026-03-11,FULL_SESSION,ESH26,ESH6,DATABENTO_EQUIVALENT_WITH_REFERENCE_GAPS,541509.0,541509.0,True,True,True,False,True,999999.0,False,0.0,1.0,1510073.0,1510073.0,4311.0,4322.0,False,False,False,False,False,False,False,False,True,True,True,True,True,True,True,True,True,True,databento_neutral_aggressor_side_reference_gap,False,True,DATABENTO_EQUIVALENT_WITH_REFERENCE_GAPS,DATABENTO_EVENT_EQUIVALENT
2026-03-12,FULL_SESSION,ESH26,ESH6,DATABENTO_EQUIVALENT_WITH_REFERENCE_GAPS,655403.0,655403.0,True,True,True,False,True,999997.0,False,0.0,1.0,1815384.0,1815384.0,2850.0,2919.0,False,False,False,False,False,False,False,False,True,True,True,True,True,True,True,True,True,True,databento_neutral_aggressor_side_reference_gap,False,True,DATABENTO_EQUIVALENT_WITH_REFERENCE_GAPS,DATABENTO_EVENT_EQUIVALENT
2026-03-13,FULL_SESSION,ESH26,ESH6,NOT_EVENT_EQUIVALENT,595121.0,595118.0,False,False,False,False,False,17516355461.0,False,0.0,1.0,1749995.0,1749995.0,-2921.0,-2872.0,False,False,False,False,False,False,False,False,False,False,False,False,False,False,False,False,False,False,aggressor_side_mismatch,False,True,NOT_EVENT_EQUIVALENT,DATABENTO_EVENT_EQUIVALENT
2026-03-16,FULL_SESSION,ESH26,ESH6,DATABENTO_EQUIVALENT_WITH_REFERENCE_GAPS,325714.0,325714.0,True,True,True,False,True,999999.0,False,0.0,1.0,771645.0,771645.0,-3125.0,-2579.0,False,False,False,False,False,False,False,False,False,True,True,True,True,True,True,True,True,True,databento_neutral_aggressor_side_reference_gap,False,True,DATABENTO_EQUIVALENT_WITH_REFERENCE_GAPS,DATABENTO_EVENT_EQUIVALENT
2026-03-17,FULL_SESSION,ESM26,ESM6,DATABENTO_EQUIVALENT_WITH_REFERENCE_GAPS,378136.0,378136.0,True,True,True,False,True,999997.0,False,0.0,1.0,1090211.0,1090211.0,-2001.0,-2039.0,False,False,False,False,False,False,False,False,True,True,True,True,True,True,True,True,True,True,databento_neutral_aggressor_side_reference_gap,False,True,DATABENTO_EQUIVALENT_WITH_REFERENCE_GAPS,DATABENTO_EVENT_EQUIVALENT
2026-03-18,FULL_SESSION,ESM26,ESM6,DATABENTO_EQUIVALENT_WITH_REFERENCE_GAPS,466400.0,466400.0,True,True,True,False,True,999999.0,False,0.0,1.0,1353655.0,1353655.0,11823.0,11836.0,False,False,False,False,False,False,False,False,True,True,True,True,True,True,True,True,True,True,databento_neutral_aggressor_side_reference_gap,False,True,DATABENTO_EQUIVALENT_WITH_REFERENCE_GAPS,DATABENTO_EVENT_EQUIVALENT
2026-03-19,FULL_SESSION,ESM26,ESM6,DATABENTO_EQUIVALENT_WITH_REFERENCE_GAPS,659685.0,659685.0,True,True,True,False,True,999995.0,False,0.0,1.0,1842529.0,1842529.0,1283.0,1161.0,False,False,False,False,False,False,False,False,True,True,True,True,True,True,True,True,True,True,databento_neutral_aggressor_side_reference_gap,False,True,DATABENTO_EQUIVALENT_WITH_REFERENCE_GAPS,DATABENTO_EVENT_EQUIVALENT
2026-03-20,FULL_SESSION,ESM26,ESM6,DATABENTO_EQUIVALENT_WITH_REFERENCE_GAPS,575682.0,575682.0,True,True,True,False,True,999999.0,False,0.0,1.0,1762084.0,1762084.0,20164.0,20099.0,False,False,False,False,False,False,False,False,True,True,True,True,True,True,True,True,True,True,databento_neutral_aggressor_side_reference_gap,False,True,DATABENTO_EQUIVALENT_WITH_REFERENCE_GAPS,DATABENTO_EVENT_EQUIVALENT
2026-03-23,FULL_SESSION,ESM26,ESM6,DATABENTO_EQUIVALENT_WITH_REFERENCE_GAPS,817516.0,817516.0,True,True,True,False,True,999993.0,False,0.0,3.0,2004778.0,2004778.0,-33902.0,-33056.0,False,False,False,False,False,False,False,False,False,True,True,True,True,True,True,True,True,True,databento_neutral_aggressor_side_reference_gap,False,True,DATABENTO_EQUIVALENT_WITH_REFERENCE_GAPS,DATABENTO_EVENT_EQUIVALENT
2026-03-24,FULL_SESSION,ESM26,ESM6,DATABENTO_EQUIVALENT_WITH_REFERENCE_GAPS,638512.0,638512.0,True,True,True,False,True,999997.0,False,0.0,1.0,1766390.0,1766390.0,66.0,106.0,False,False,False,False,False,False,False,False,True,True,True,True,True,True,True,True,True,True,databento_neutral_aggressor_side_reference_gap,False,True,DATABENTO_EQUIVALENT_WITH_REFERENCE_GAPS,DATABENTO_EVENT_EQUIVALENT
2026-03-25,FULL_SESSION,ESM26,ESM6,DATABENTO_EQUIVALENT_WITH_REFERENCE_GAPS,593549.0,593549.0,True,True,True,False,True,999997.0,False,0.0,1.0,1752582.0,1752582.0,6764.0,6681.0,False,False,False,False,False,False,False,False,True,True,True,True,True,True,True,True,True,True,databento_neutral_aggressor_side_reference_gap,False,True,DATABENTO_EQUIVALENT_WITH_REFERENCE_GAPS,DATABENTO_EVENT_EQUIVALENT
2026-03-26,FULL_SESSION,ESM26,ESM6,DATABENTO_EQUIVALENT_WITH_REFERENCE_GAPS,496658.0,496658.0,True,True,True,False,True,999993.0,False,0.0,1.0,1489372.0,1489372.0,1508.0,1466.0,False,False,False,False,False,False,False,False,True,True,True,True,True,True,True,True,True,True,databento_neutral_aggressor_side_reference_gap,False,True,DATABENTO_EQUIVALENT_WITH_REFERENCE_GAPS,DATABENTO_EVENT_EQUIVALENT
2026-03-27,FULL_SESSION,ESM26,ESM6,DATABENTO_EQUIVALENT_WITH_REFERENCE_GAPS,599465.0,599465.0,True,True,True,False,True,999999.0,False,0.0,1.0,1845266.0,1845266.0,4600.0,4573.0,False,False,False,False,False,False,False,False,True,True,True,True,True,True,True,True,True,True,databento_neutral_aggressor_side_reference_gap,False,True,DATABENTO_EQUIVALENT_WITH_REFERENCE_GAPS,DATABENTO_EVENT_EQUIVALENT
2026-03-30,FULL_SESSION,ESM26,ESM6,DATABENTO_EQUIVALENT_WITH_REFERENCE_GAPS,573243.0,573243.0,True,True,True,False,True,999991.0,False,0.0,1.0,1637953.0,1637953.0,-1327.0,-109.0,False,False,False,False,False,False,False,False,False,True,True,True,True,True,True,True,True,True,databento_neutral_aggressor_side_reference_gap,False,True,DATABENTO_EQUIVALENT_WITH_REFERENCE_GAPS,DATABENTO_EVENT_EQUIVALENT
2026-03-31,FULL_SESSION,ESM26,ESM6,DATABENTO_EQUIVALENT_WITH_REFERENCE_GAPS,742779.0,742779.0,True,True,True,False,True,999999.0,False,0.0,1.0,2182160.0,2182160.0,-5268.0,-5289.0,False,False,False,False,False,False,False,False,True,True,True,True,True,True,True,True,True,True,databento_neutral_aggressor_side_reference_gap,False,True,DATABENTO_EQUIVALENT_WITH_REFERENCE_GAPS,DATABENTO_EVENT_EQUIVALENT
2026-04-01,FULL_SESSION,ESM26,ESM6,DATABENTO_EQUIVALENT_WITH_REFERENCE_GAPS,565122.0,565122.0,True,True,True,False,True,999999.0,False,0.0,1.0,1738359.0,1738359.0,-583.0,-439.0,False,False,False,False,False,False,False,False,True,True,True,True,True,True,True,True,True,True,databento_neutral_aggressor_side_reference_gap,False,True,DATABENTO_EQUIVALENT_WITH_REFERENCE_GAPS,DATABENTO_EVENT_EQUIVALENT
2026-04-02,FULL_SESSION,ESM26,ESM6,DATABENTO_EQUIVALENT_WITH_REFERENCE_GAPS,641335.0,641335.0,True,True,True,False,True,999999.0,False,0.0,1.0,1894638.0,1894638.0,-9120.0,-9144.0,False,False,False,False,False,False,False,False,True,True,True,True,True,True,True,True,True,True,databento_neutral_aggressor_side_reference_gap,False,True,DATABENTO_EQUIVALENT_WITH_REFERENCE_GAPS,DATABENTO_EVENT_EQUIVALENT
2026-04-06,FULL_SESSION,ESM26,ESM6,DATABENTO_EQUIVALENT_WITH_REFERENCE_GAPS,395502.0,395502.0,True,True,True,False,True,999995.0,False,0.0,1.0,1025016.0,1025016.0,6574.0,7198.0,False,False,False,False,False,False,False,False,False,True,True,True,True,True,True,True,True,True,databento_neutral_aggressor_side_reference_gap,False,True,DATABENTO_EQUIVALENT_WITH_REFERENCE_GAPS,DATABENTO_EVENT_EQUIVALENT
2026-04-07,FULL_SESSION,ESM26,ESM6,DATABENTO_EQUIVALENT_WITH_REFERENCE_GAPS,631957.0,631957.0,True,True,True,False,True,999999.0,False,0.0,1.0,1880646.0,1880646.0,4946.0,4959.0,False,False,False,False,False,False,False,False,True,True,True,True,True,True,True,True,True,True,databento_neutral_aggressor_side_reference_gap,False,True,DATABENTO_EQUIVALENT_WITH_REFERENCE_GAPS,DATABENTO_EVENT_EQUIVALENT
2026-04-08,FULL_SESSION,ESM26,ESM6,DATABENTO_EQUIVALENT_WITH_REFERENCE_GAPS,688923.0,688923.0,True,True,True,False,True,999995.0,False,0.0,7.0,2139569.0,2139569.0,7373.0,6765.0,False,False,False,False,False,False,False,False,False,True,True,True,True,True,True,True,True,True,databento_neutral_aggressor_side_reference_gap,False,True,DATABENTO_EQUIVALENT_WITH_REFERENCE_GAPS,DATABENTO_EVENT_EQUIVALENT
2026-04-09,FULL_SESSION,ESM26,ESM6,DATABENTO_EQUIVALENT_WITH_REFERENCE_GAPS,484709.0,484709.0,True,True,True,False,True,999999.0,False,0.0,1.0,1521100.0,1521100.0,-5868.0,-5848.0,False,False,False,False,False,False,False,False,True,True,True,True,True,True,True,True,True,True,databento_neutral_aggressor_side_reference_gap,False,True,DATABENTO_EQUIVALENT_WITH_REFERENCE_GAPS,DATABENTO_EVENT_EQUIVALENT
2026-04-10,FULL_SESSION,ESM26,ESM6,DATABENTO_EQUIVALENT_WITH_REFERENCE_GAPS,393971.0,393971.0,True,True,True,False,True,999995.0,False,0.0,1.0,1232737.0,1232737.0,10023.0,10067.0,False,False,False,False,False,False,False,False,True,True,True,True,True,True,True,True,True,True,databento_neutral_aggressor_side_reference_gap,False,True,DATABENTO_EQUIVALENT_WITH_REFERENCE_GAPS,DATABENTO_EVENT_EQUIVALENT
2026-04-13,FULL_SESSION,ESM26,ESM6,DATABENTO_EQUIVALENT_WITH_REFERENCE_GAPS,444081.0,444081.0,True,True,True,False,True,999997.0,False,0.0,1.0,1408978.0,1408978.0,22134.0,23393.0,False,False,False,False,False,False,False,False,False,True,True,True,True,True,True,True,True,True,databento_neutral_aggressor_side_reference_gap,False,True,DATABENTO_EQUIVALENT_WITH_REFERENCE_GAPS,DATABENTO_EVENT_EQUIVALENT
2026-04-14,FULL_SESSION,ESM26,ESM6,DATABENTO_EQUIVALENT_WITH_REFERENCE_GAPS,378220.0,378220.0,True,True,True,False,True,999997.0,False,0.0,1.0,1252790.0,1252790.0,13744.0,13780.0,False,False,False,False,False,False,False,False,True,True,True,True,True,True,True,True,True,True,databento_neutral_aggressor_side_reference_gap,False,True,DATABENTO_EQUIVALENT_WITH_REFERENCE_GAPS,DATABENTO_EVENT_EQUIVALENT
2026-04-15,FULL_SESSION,ESM26,ESM6,DATABENTO_EQUIVALENT_WITH_REFERENCE_GAPS,406960.0,406960.0,True,True,True,False,True,999999.0,False,0.0,1.0,1291446.0,1291446.0,-10254.0,-10223.0,False,False,False,False,False,False,False,False,True,True,True,True,True,True,True,True,True,True,databento_neutral_aggressor_side_reference_gap,False,True,DATABENTO_EQUIVALENT_WITH_REFERENCE_GAPS,DATABENTO_EVENT_EQUIVALENT
2026-04-16,FULL_SESSION,ESM26,ESM6,DATABENTO_EQUIVALENT_WITH_REFERENCE_GAPS,398343.0,398343.0,True,True,True,False,True,999993.0,False,0.0,1.0,1298653.0,1298653.0,-15815.0,-15809.0,False,False,False,False,False,False,False,False,True,True,True,True,True,True,True,True,True,True,databento_neutral_aggressor_side_reference_gap,False,True,DATABENTO_EQUIVALENT_WITH_REFERENCE_GAPS,DATABENTO_EVENT_EQUIVALENT
2026-04-17,FULL_SESSION,ESM26,ESM6,DATABENTO_EQUIVALENT_WITH_REFERENCE_GAPS,496162.0,496162.0,True,True,True,False,True,999997.0,False,0.0,1.0,1652134.0,1652134.0,12916.0,12936.0,False,False,False,False,False,False,False,False,True,True,True,True,True,True,True,True,True,True,databento_neutral_aggressor_side_reference_gap,False,True,DATABENTO_EQUIVALENT_WITH_REFERENCE_GAPS,DATABENTO_EVENT_EQUIVALENT
2026-04-20,FULL_SESSION,ESM26,ESM6,DATABENTO_EQUIVALENT_WITH_REFERENCE_GAPS,402331.0,402331.0,True,True,True,False,True,999999.0,False,0.0,1.0,1228528.0,1228528.0,1150.0,2061.0,False,False,False,False,False,False,False,False,False,True,True,True,True,True,True,True,True,True,databento_neutral_aggressor_side_reference_gap,False,True,DATABENTO_EQUIVALENT_WITH_REFERENCE_GAPS,DATABENTO_EVENT_EQUIVALENT
2026-04-21,FULL_SESSION,ESM26,ESM6,DATABENTO_EQUIVALENT_WITH_REFERENCE_GAPS,543806.0,543806.0,True,True,True,False,True,999993.0,False,0.0,1.0,1714148.0,1714148.0,-16190.0,-16133.0,False,False,False,False,False,False,False,False,True,True,True,True,True,True,True,True,True,True,databento_neutral_aggressor_side_reference_gap,False,True,DATABENTO_EQUIVALENT_WITH_REFERENCE_GAPS,DATABENTO_EVENT_EQUIVALENT
2026-04-22,FULL_SESSION,ESM26,ESM6,DATABENTO_EQUIVALENT_WITH_REFERENCE_GAPS,391868.0,391868.0,True,True,True,False,True,999987.0,False,0.0,1.0,1181545.0,1181545.0,18523.0,18508.0,False,False,False,False,False,False,False,False,True,True,True,True,True,True,True,True,True,True,databento_neutral_aggressor_side_reference_gap,False,True,DATABENTO_EQUIVALENT_WITH_REFERENCE_GAPS,DATABENTO_EVENT_EQUIVALENT
2026-04-23,FULL_SESSION,ESM26,ESM6,DATABENTO_EQUIVALENT_WITH_REFERENCE_GAPS,614728.0,614728.0,True,True,True,False,True,999997.0,False,0.0,1.0,1785730.0,1785730.0,-9748.0,-9734.0,False,False,False,False,False,False,False,False,True,True,True,True,True,True,True,True,True,True,databento_neutral_aggressor_side_reference_gap,False,True,DATABENTO_EQUIVALENT_WITH_REFERENCE_GAPS,DATABENTO_EVENT_EQUIVALENT
2026-04-24,FULL_SESSION,ESM26,ESM6,DATABENTO_EQUIVALENT_WITH_REFERENCE_GAPS,454316.0,454316.0,True,True,True,False,True,999991.0,False,0.0,1.0,1383439.0,1383439.0,-2015.0,-2082.0,False,False,False,False,False,False,False,False,True,True,True,True,True,True,True,True,True,True,databento_neutral_aggressor_side_reference_gap,False,True,DATABENTO_EQUIVALENT_WITH_REFERENCE_GAPS,DATABENTO_EVENT_EQUIVALENT
2026-04-27,FULL_SESSION,ESM26,ESM6,DATABENTO_EQUIVALENT_WITH_REFERENCE_GAPS,327838.0,327838.0,True,True,True,False,True,999993.0,False,0.0,1.0,995370.0,995370.0,10136.0,10250.0,False,False,False,False,False,False,False,False,True,True,True,True,True,True,True,True,True,True,databento_neutral_aggressor_side_reference_gap,False,True,DATABENTO_EQUIVALENT_WITH_REFERENCE_GAPS,DATABENTO_EVENT_EQUIVALENT
2026-04-28,FULL_SESSION,ESM26,ESM6,DATABENTO_EQUIVALENT_WITH_REFERENCE_GAPS,434070.0,434070.0,True,True,True,False,True,999981.0,False,0.0,1.0,1303680.0,1303680.0,13474.0,13479.0,False,False,False,False,False,False,False,False,True,True,True,True,True,True,True,True,True,True,databento_neutral_aggressor_side_reference_gap,False,True,DATABENTO_EQUIVALENT_WITH_REFERENCE_GAPS,DATABENTO_EVENT_EQUIVALENT
2026-04-29,FULL_SESSION,ESM26,ESM6,DATABENTO_EQUIVALENT_WITH_REFERENCE_GAPS,395167.0,395167.0,True,True,True,False,True,999985.0,False,0.0,1.0,1231664.0,1231664.0,-7188.0,-7198.0,False,False,False,False,False,False,False,False,True,True,True,True,True,True,True,True,True,True,databento_neutral_aggressor_side_reference_gap,False,True,DATABENTO_EQUIVALENT_WITH_REFERENCE_GAPS,DATABENTO_EVENT_EQUIVALENT
2026-04-30,FULL_SESSION,ESM26,ESM6,DATABENTO_EQUIVALENT_WITH_REFERENCE_GAPS,544196.0,544196.0,True,True,True,False,True,999999.0,False,0.0,1.0,1673888.0,1673888.0,22164.0,21926.0,False,False,False,False,False,False,False,False,False,True,True,True,True,True,True,True,True,True,databento_neutral_aggressor_side_reference_gap,False,True,DATABENTO_EQUIVALENT_WITH_REFERENCE_GAPS,DATABENTO_EVENT_EQUIVALENT
2026-05-01,FULL_SESSION,ESM26,ESM6,DATABENTO_EQUIVALENT_WITH_REFERENCE_GAPS,395772.0,395772.0,True,True,True,False,True,999997.0,False,0.0,1.0,1231399.0,1231399.0,-8285.0,-8382.0,False,False,False,False,False,False,False,False,True,True,True,True,True,True,True,True,True,True,databento_neutral_aggressor_side_reference_gap,False,True,DATABENTO_EQUIVALENT_WITH_REFERENCE_GAPS,DATABENTO_EVENT_EQUIVALENT
2026-05-04,FULL_SESSION,ESM26,ESM6,DATABENTO_EQUIVALENT_WITH_REFERENCE_GAPS,487856.0,487856.0,True,True,True,False,True,999997.0,False,0.0,1.0,1494775.0,1494775.0,-1249.0,-949.0,False,False,False,False,False,False,False,False,False,True,True,True,True,True,True,True,True,True,databento_neutral_aggressor_side_reference_gap,False,True,DATABENTO_EQUIVALENT_WITH_REFERENCE_GAPS,DATABENTO_EVENT_EQUIVALENT
2026-05-05,FULL_SESSION,ESM26,ESM6,DATABENTO_EQUIVALENT_WITH_REFERENCE_GAPS,327613.0,327613.0,True,True,True,False,True,999995.0,False,0.0,1.0,1046280.0,1046280.0,-7872.0,-7903.0,False,False,False,False,False,False,False,False,True,True,True,True,True,True,True,True,True,True,databento_neutral_aggressor_side_reference_gap,False,True,DATABENTO_EQUIVALENT_WITH_REFERENCE_GAPS,DATABENTO_EVENT_EQUIVALENT
2026-05-06,FULL_SESSION,ESM26,ESM6,DATABENTO_EQUIVALENT_WITH_REFERENCE_GAPS,485534.0,485534.0,True,True,True,False,True,999997.0,False,0.0,1.0,1516106.0,1516106.0,28532.0,28476.0,False,False,False,False,False,False,False,False,True,True,True,True,True,True,True,True,True,True,databento_neutral_aggressor_side_reference_gap,False,True,DATABENTO_EQUIVALENT_WITH_REFERENCE_GAPS,DATABENTO_EVENT_EQUIVALENT
2026-05-07,FULL_SESSION,ESM26,ESM6,DATABENTO_EQUIVALENT_WITH_REFERENCE_GAPS,538731.0,538731.0,True,True,True,False,True,999999.0,False,0.0,1.0,1653967.0,1653967.0,-1979.0,-1904.0,False,False,False,False,False,False,False,False,True,True,True,True,True,True,True,True,True,True,databento_neutral_aggressor_side_reference_gap,False,True,DATABENTO_EQUIVALENT_WITH_REFERENCE_GAPS,DATABENTO_EVENT_EQUIVALENT
2026-05-08,FULL_SESSION,ESM26,ESM6,DATABENTO_EQUIVALENT_WITH_REFERENCE_GAPS,393289.0,393289.0,True,True,True,False,True,999993.0,False,0.0,1.0,1239787.0,1239787.0,-7973.0,-7674.0,False,False,False,False,False,False,False,False,False,True,True,True,True,True,True,True,True,True,databento_neutral_aggressor_side_reference_gap,False,True,DATABENTO_EQUIVALENT_WITH_REFERENCE_GAPS,DATABENTO_EVENT_EQUIVALENT
2026-05-11,FULL_SESSION,ESM26,ESM6,DATABENTO_EQUIVALENT_WITH_REFERENCE_GAPS,348237.0,348237.0,True,True,True,False,True,999999.0,False,0.0,1.0,1125633.0,1125633.0,-7385.0,-7044.0,False,False,False,False,False,False,False,False,False,True,True,True,True,True,True,True,True,True,databento_neutral_aggressor_side_reference_gap,False,True,DATABENTO_EQUIVALENT_WITH_REFERENCE_GAPS,DATABENTO_EVENT_EQUIVALENT
2026-05-12,FULL_SESSION,ESM26,ESM6,DATABENTO_EQUIVALENT_WITH_REFERENCE_GAPS,495753.0,495753.0,True,True,True,False,True,999997.0,False,0.0,1.0,1540881.0,1540881.0,-6125.0,-6128.0,False,False,False,False,False,False,False,False,True,True,True,True,True,True,True,True,True,True,databento_neutral_aggressor_side_reference_gap,False,True,DATABENTO_EQUIVALENT_WITH_REFERENCE_GAPS,DATABENTO_EVENT_EQUIVALENT
2026-05-13,FULL_SESSION,ESM26,ESM6,DATABENTO_EQUIVALENT_WITH_REFERENCE_GAPS,398501.0,398501.0,True,True,True,False,True,999993.0,False,0.0,1.0,1226883.0,1226883.0,3823.0,3828.0,False,False,False,False,False,False,False,False,True,True,True,True,True,True,True,True,True,True,databento_neutral_aggressor_side_reference_gap,False,True,DATABENTO_EQUIVALENT_WITH_REFERENCE_GAPS,DATABENTO_EVENT_EQUIVALENT
2026-05-14,FULL_SESSION,ESM26,ESM6,DATABENTO_EQUIVALENT_WITH_REFERENCE_GAPS,412660.0,412660.0,True,True,True,False,True,999991.0,False,0.0,1.0,1293719.0,1293719.0,12269.0,12227.0,False,False,False,False,False,False,False,False,True,True,True,True,True,True,True,True,True,True,databento_neutral_aggressor_side_reference_gap,False,True,DATABENTO_EQUIVALENT_WITH_REFERENCE_GAPS,DATABENTO_EVENT_EQUIVALENT
2026-05-15,FULL_SESSION,ESM26,ESM6,DATABENTO_EQUIVALENT_WITH_REFERENCE_GAPS,593326.0,593326.0,True,True,True,False,True,999999.0,False,0.0,1.0,1784149.0,1784149.0,12015.0,12025.0,False,False,False,False,False,False,False,False,True,True,True,True,True,True,True,True,True,True,databento_neutral_aggressor_side_reference_gap,False,True,DATABENTO_EQUIVALENT_WITH_REFERENCE_GAPS,DATABENTO_EVENT_EQUIVALENT
2026-05-18,FULL_SESSION,ESM26,ESM6,NOT_EVENT_EQUIVALENT,698515.0,698515.0,True,True,True,False,True,999997.0,False,0.0,1.0,1876378.0,1876378.0,12078.0,12346.0,False,False,False,False,False,False,False,False,False,True,True,True,True,True,True,True,True,False,aggressor_side_mismatch,False,True,DATABENTO_EQUIVALENT_WITH_REFERENCE_GAPS,NOT_EVENT_EQUIVALENT
2026-05-19,FULL_SESSION,ESM26,ESM6,DATABENTO_EQUIVALENT_WITH_REFERENCE_GAPS,622245.0,622245.0,True,True,True,False,True,999999.0,False,0.0,1.0,1730883.0,1730883.0,81.0,62.0,False,False,False,False,False,False,False,False,True,True,True,True,True,True,True,True,True,True,databento_neutral_aggressor_side_reference_gap,False,True,DATABENTO_EQUIVALENT_WITH_REFERENCE_GAPS,DATABENTO_EVENT_EQUIVALENT
2026-05-20,FULL_SESSION,ESM26,ESM6,DATABENTO_EQUIVALENT_WITH_REFERENCE_GAPS,543644.0,543644.0,True,True,True,False,True,999995.0,False,0.0,1.0,1495262.0,1495262.0,13352.0,13303.0,False,False,False,False,False,False,False,False,True,True,True,True,True,True,True,True,True,True,databento_neutral_aggressor_side_reference_gap,False,True,DATABENTO_EQUIVALENT_WITH_REFERENCE_GAPS,DATABENTO_EVENT_EQUIVALENT
2026-05-21,FULL_SESSION,ESM26,ESM6,DATABENTO_EQUIVALENT_WITH_REFERENCE_GAPS,633150.0,633150.0,True,True,True,False,True,999999.0,False,0.0,1.0,1715889.0,1715889.0,7899.0,7986.0,False,False,False,False,False,False,False,False,True,True,True,True,True,True,True,True,True,True,databento_neutral_aggressor_side_reference_gap,False,True,DATABENTO_EQUIVALENT_WITH_REFERENCE_GAPS,DATABENTO_EVENT_EQUIVALENT
2026-05-22,FULL_SESSION,ESM26,ESM6,DATABENTO_EQUIVALENT_WITH_REFERENCE_GAPS,414788.0,414788.0,True,True,True,False,True,999995.0,False,0.0,1.0,1159799.0,1159799.0,-3963.0,-3953.0,False,False,False,False,False,False,False,False,True,True,True,True,True,True,True,True,True,True,databento_neutral_aggressor_side_reference_gap,False,True,DATABENTO_EQUIVALENT_WITH_REFERENCE_GAPS,DATABENTO_EVENT_EQUIVALENT
2026-05-25,FULL_SESSION,ESM26,ESM6,DATABENTO_EQUIVALENT_WITH_REFERENCE_GAPS,80463.0,80463.0,True,True,True,False,True,999967.0,False,0.0,1.0,210372.0,210372.0,5314.0,5584.0,False,False,False,False,False,False,False,False,False,True,True,True,True,True,True,True,True,True,databento_neutral_aggressor_side_reference_gap,False,True,DATABENTO_EQUIVALENT_WITH_REFERENCE_GAPS,DATABENTO_EVENT_EQUIVALENT
2026-05-26,FULL_SESSION,ESM26,ESM6,DATABENTO_EQUIVALENT_WITH_REFERENCE_GAPS,364594.0,364594.0,True,True,True,False,True,999999.0,False,0.0,1.0,1081870.0,1081870.0,20448.0,20506.0,False,False,False,False,False,False,False,False,True,True,True,True,True,True,True,True,True,True,databento_neutral_aggressor_side_reference_gap,False,True,DATABENTO_EQUIVALENT_WITH_REFERENCE_GAPS,DATABENTO_EVENT_EQUIVALENT
2026-05-27,FULL_SESSION,ESM26,ESM6,DATABENTO_EQUIVALENT_WITH_REFERENCE_GAPS,426085.0,426085.0,True,True,True,False,True,999995.0,False,0.0,1.0,1224832.0,1224832.0,-1002.0,-1017.0,False,False,False,False,False,False,False,False,True,True,True,True,True,True,True,True,True,True,databento_neutral_aggressor_side_reference_gap,False,True,DATABENTO_EQUIVALENT_WITH_REFERENCE_GAPS,DATABENTO_EVENT_EQUIVALENT
2026-05-28,FULL_SESSION,ESM26,ESM6,DATABENTO_EQUIVALENT_WITH_REFERENCE_GAPS,392126.0,392126.0,True,True,True,False,True,999997.0,False,0.0,1.0,1177588.0,1177588.0,-14392.0,-14355.0,False,False,False,False,False,False,False,False,True,True,True,True,True,True,True,True,True,True,databento_neutral_aggressor_side_reference_gap,False,True,DATABENTO_EQUIVALENT_WITH_REFERENCE_GAPS,DATABENTO_EVENT_EQUIVALENT
2026-05-29,FULL_SESSION,ESM26,ESM6,DATABENTO_EQUIVALENT_WITH_REFERENCE_GAPS,447365.0,447365.0,True,True,True,False,True,999995.0,False,0.0,1.0,1417882.0,1417882.0,-9416.0,-9349.0,False,False,False,False,False,False,False,False,True,True,True,True,True,True,True,True,True,True,databento_neutral_aggressor_side_reference_gap,False,True,DATABENTO_EQUIVALENT_WITH_REFERENCE_GAPS,DATABENTO_EVENT_EQUIVALENT
2026-06-01,FULL_SESSION,ESM26,ESM6,NOT_EVENT_EQUIVALENT,416797.0,416797.0,True,True,True,False,True,999989.0,False,0.0,1.0,1264450.0,1264450.0,6262.0,6378.0,False,False,False,False,False,False,False,False,False,True,True,True,True,True,True,True,True,False,aggressor_side_mismatch,False,True,DATABENTO_EQUIVALENT_WITH_REFERENCE_GAPS,NOT_EVENT_EQUIVALENT
2026-06-02,FULL_SESSION,ESM26,ESM6,NOT_EVENT_EQUIVALENT,345561.0,345561.0,True,True,True,False,True,999993.0,False,0.0,1.0,1016804.0,1016804.0,-8644.0,-8684.0,False,False,False,False,False,False,False,False,False,True,True,True,True,True,True,True,True,False,aggressor_side_mismatch,False,True,DATABENTO_EQUIVALENT_WITH_REFERENCE_GAPS,NOT_EVENT_EQUIVALENT
2026-06-03,FULL_SESSION,ESM26,ESM6,DATABENTO_EQUIVALENT_WITH_REFERENCE_GAPS,408667.0,408667.0,True,True,True,False,True,999991.0,False,0.0,1.0,1256413.0,1256413.0,-8681.0,-8673.0,False,False,False,False,False,False,False,False,True,True,True,True,True,True,True,True,True,True,databento_neutral_aggressor_side_reference_gap,False,True,DATABENTO_EQUIVALENT_WITH_REFERENCE_GAPS,DATABENTO_EVENT_EQUIVALENT
2026-06-04,FULL_SESSION,ESM26,ESM6,DATABENTO_EQUIVALENT_WITH_REFERENCE_GAPS,409327.0,409327.0,True,True,True,False,True,999995.0,False,0.0,1.0,1189816.0,1189816.0,2798.0,3120.0,False,False,False,False,False,False,False,False,False,True,True,True,True,True,True,True,True,True,databento_neutral_aggressor_side_reference_gap,False,True,DATABENTO_EQUIVALENT_WITH_REFERENCE_GAPS,DATABENTO_EVENT_EQUIVALENT
2026-06-05,FULL_SESSION,ESM26,ESM6,DATABENTO_EQUIVALENT_WITH_REFERENCE_GAPS,755610.0,755610.0,True,True,True,False,True,999997.0,False,0.0,1.0,2138602.0,2138602.0,-19072.0,-19079.0,False,False,False,False,False,False,False,False,True,True,True,True,True,True,True,True,True,True,databento_neutral_aggressor_side_reference_gap,False,True,DATABENTO_EQUIVALENT_WITH_REFERENCE_GAPS,DATABENTO_EVENT_EQUIVALENT
2026-06-08,FULL_SESSION,ESM26,ESM6,DATABENTO_EQUIVALENT_WITH_REFERENCE_GAPS,636252.0,636252.0,True,True,True,False,True,999997.0,False,0.0,1.0,1674260.0,1674260.0,-2258.0,-2085.0,False,False,False,False,False,False,False,False,True,True,True,True,True,True,True,True,True,True,databento_neutral_aggressor_side_reference_gap,False,True,DATABENTO_EQUIVALENT_WITH_REFERENCE_GAPS,DATABENTO_EVENT_EQUIVALENT
2026-06-09,FULL_SESSION,ESM26,ESM6,DATABENTO_EQUIVALENT_WITH_REFERENCE_GAPS,896492.0,896492.0,True,True,True,False,True,999999.0,False,0.0,1.0,2345333.0,2345333.0,4245.0,4233.0,False,False,False,False,False,False,False,False,True,True,True,True,True,True,True,True,True,True,databento_neutral_aggressor_side_reference_gap,False,True,DATABENTO_EQUIVALENT_WITH_REFERENCE_GAPS,DATABENTO_EVENT_EQUIVALENT
2026-06-10,,ESM26,ESM6,ERROR,,,,,,,,,,,,,,,,,,,,,,,,,,,,,,,,,,ValueError: Sierra source timestamps invert; refusing to reorder an ambiguous event stream.,,,,
