run_id,event.params.max_aoi_width_points,event.params.entry_offset_ticks,event.params.stop_offset_ticks,signals_generated,entries_opened,trades_closed,entry_rejections_total,reject_missing_stop,reject_target_already_reached,reject_position_sizing,reject_daily_risk_lockout,reject_apex_latest_entry_time,reject_event_no_trade_window,total_trades,trades_per_year,net_profit,profit_factor,expectancy_r,max_drawdown,max_drawdown_pct,cagr,mar,win_rate,apex_rule_violations,apex_forced_flatten_trades,profitable,worst_day,best_day_concentration,consecutive_losses,benchmark_passed,failure_reason
1,3,0,0,0,0,88,0,0,0,0,0,0,0,88,62.6451209784484,-2265.0,0.5784085621219172,-0.1993298368298368,2837.5,0.0562438057482656,-0.0324626529663094,-0.5771773893040748,0.4659090909090909,0,0,False,-197.5,0.0,7,False,min_total_net_profit
2,3,0,1,0,0,88,0,0,0,0,0,0,0,88,62.6451209784484,-2165.0,0.5893788525367473,-0.1945848343575616,2725.0,0.0540272614622057,-0.0310201908328402,-0.5741581193142679,0.4659090909090909,0,0,False,-197.5,0.0,7,False,min_total_net_profit
3,3,0,2,0,0,88,0,0,0,0,0,0,0,88,62.6451209784484,-2115.0,0.595021541407372,-0.1917711707484435,2662.5,0.0528011898859692,-0.0302992856276491,-0.5738371747508767,0.4659090909090909,0,0,False,-197.5,0.0,7,False,min_total_net_profit
4,3,0,3,0,0,89,0,0,0,0,0,0,0,89,63.35699735320349,-2132.5,0.5964995269631032,-0.1914783250457408,2667.5,0.0529134639226382,-0.030551577767682,-0.5773875967060056,0.4719101123595505,0,0,False,-197.5,0.0,7,False,min_total_net_profit
5,3,0,4,0,0,89,0,0,0,0,0,0,0,89,63.35699735320349,-2245.0,0.5840666975451598,-0.1985688267082847,2742.5,0.0544416873449131,-0.0321740909412769,-0.5909826184746867,0.4719101123595505,0,0,False,-197.5,0.0,7,False,min_total_net_profit
6,3,1,0,0,0,82,0,0,0,0,0,0,0,82,58.259184699813765,-2160.0,0.5596330275229358,-0.2118496679472289,2235.0,0.0446709638734822,-0.0308882404707222,-0.6914612489268058,0.4390243902439024,0,0,False,-260.0,0.0,6,False,min_total_net_profit
7,3,1,1,0,0,82,0,0,0,0,0,0,0,82,58.259184699813765,-2222.5,0.552591847005536,-0.2177939269402683,2285.0,0.0456817273090763,-0.0317879357316471,-0.6958566937842415,0.4390243902439024,0,0,False,-260.0,0.0,6,False,min_total_net_profit
8,3,1,2,0,0,83,0,0,0,0,0,0,0,83,58.96966256200662,-1952.5,0.5921671018276763,-0.1911142906624834,2177.5,0.0433916205848652,-0.0279036889553033,-0.6430663012626918,0.4578313253012048,0,0,False,-260.0,0.0,6,False,min_total_net_profit
9,3,1,3,0,0,83,0,0,0,0,0,0,0,83,58.96966256200662,-2027.5,0.5830334190231362,-0.1996314448210266,2215.0,0.0441719014856914,-0.0289820110493145,-0.6561187106401251,0.4578313253012048,0,0,False,-260.0,0.0,6,False,min_total_net_profit
10,3,1,4,0,0,83,0,0,0,0,0,0,0,83,58.96966256200662,-1952.5,0.5959648215209519,-0.188420147456292,2102.5,0.0419597864591129,-0.0279036889553033,-0.6650102707861422,0.4698795180722891,0,0,False,-260.0,0.0,5,False,min_total_net_profit
11,3,2,0,0,0,36,0,0,0,0,0,0,0,36,29.542302877242214,-1105.0,0.4693877551020408,-0.2245831329164663,1200.0,0.024,-0.0181719553585547,-0.7571648066064482,0.4722222222222222,0,0,False,-215.0,0.0,4,False,min_total_net_profit;min_trades_per_year;preferred_min_total_trades
12,3,2,1,0,0,36,0,0,0,0,0,0,0,36,29.542302877242214,-1142.5,0.4610849056603773,-0.2296757640507641,1237.5,0.02475,-0.0187899347296243,-0.7591892820050228,0.4722222222222222,0,0,False,-215.0,0.0,4,False,min_total_net_profit;min_trades_per_year;preferred_min_total_trades
13,3,2,2,0,0,37,0,0,0,0,0,0,0,37,30.362922401610053,-1110.0,0.4794841735052755,-0.2239067349361467,1205.0,0.0241,-0.0182543476944808,-0.7574418130489986,0.4864864864864865,0,0,False,-227.5,0.0,4,False,min_total_net_profit;min_trades_per_year;preferred_min_total_trades
14,3,2,3,0,0,37,0,0,0,0,0,0,0,37,30.362922401610053,-1147.5,0.4711981566820276,-0.2317539729304434,1242.5,0.02485,-0.0188723384064499,-0.7594502376841036,0.4864864864864865,0,0,False,-240.0,0.0,4,False,min_total_net_profit;min_trades_per_year;preferred_min_total_trades
15,3,2,4,0,0,37,0,0,0,0,0,0,0,37,30.362922401610053,-1197.5,0.4605855855855856,-0.2333369570211675,1292.5,0.02585,-0.0196964584141136,-0.7619519695982052,0.4864864864864865,0,0,False,-265.0,0.0,4,False,min_total_net_profit;min_trades_per_year;preferred_min_total_trades
16,3,3,0,0,0,13,0,0,0,0,0,0,0,13,10.668368120045548,-477.5,0.3758169934640523,-0.2277807662423047,612.5,0.0122389849135777,-0.0078438846194726,-0.6408933971942965,0.3846153846153846,0,0,False,-180.0,0.0,4,False,min_total_net_profit;min_trades_per_year;preferred_min_total_trades
17,3,3,1,0,0,13,0,0,0,0,0,0,0,13,10.668368120045548,-502.5,0.3639240506329114,-0.2328261482107636,637.5,0.0127385353182136,-0.008254931888209,-0.648028339365366,0.3846153846153846,0,0,False,-192.5,0.0,4,False,min_total_net_profit;min_trades_per_year;preferred_min_total_trades
18,3,3,2,0,0,13,0,0,0,0,0,0,0,13,10.668368120045548,-527.5,0.352760736196319,-0.2370040216194062,662.5,0.0132380857228494,-0.0086660163948155,-0.6546276082695021,0.3846153846153846,0,0,False,-205.0,0.0,4,False,min_total_net_profit;min_trades_per_year;preferred_min_total_trades
19,3,3,3,0,0,13,0,0,0,0,0,0,0,13,10.668368120045548,-552.5,0.3422619047619047,-0.240521978021978,687.5,0.0137376361274852,-0.009077138161486,-0.6607496426059177,0.3846153846153846,0,0,False,-217.5,0.0,4,False,min_total_net_profit;min_trades_per_year;preferred_min_total_trades
20,3,3,4,0,0,13,0,0,0,0,0,0,0,13,10.668368120045548,-577.5,0.3323699421965317,-0.250363537920099,712.5,0.014237186532121,-0.009488297210438,-0.6664446791528059,0.3846153846153846,0,0,False,-230.0,0.0,4,False,min_total_net_profit;min_trades_per_year;preferred_min_total_trades
21,3,4,0,0,0,9,0,0,0,0,0,0,0,9,7.770108332643535,-582.5,0.1338289962825278,-0.4263329263329263,672.5,0.01345,-0.0100660154051556,-0.7484026323535773,0.2222222222222222,0,0,False,-192.5,0.0,7,False,min_total_net_profit;min_trades_per_year;preferred_min_total_trades
22,3,4,1,0,0,9,0,0,0,0,0,0,0,9,7.770108332643535,-607.5,0.1290322580645161,-0.4277167277167277,697.5,0.01395,-0.0104983948610498,-0.7525731083189867,0.2222222222222222,0,0,False,-205.0,0.0,7,False,min_total_net_profit;min_trades_per_year;preferred_min_total_trades
23,3,4,2,0,0,9,0,0,0,0,0,0,0,9,7.770108332643535,-632.5,0.1245674740484429,-0.4289021164021165,722.5,0.01445,-0.0109308042246734,-0.756457039769786,0.2222222222222222,0,0,False,-217.5,0.0,7,False,min_total_net_profit;min_trades_per_year;preferred_min_total_trades
24,3,4,3,0,0,9,0,0,0,0,0,0,0,9,7.770108332643535,-657.5,0.1204013377926421,-0.4299291938997822,747.5,0.01495,-0.0113632435132419,-0.760083178143272,0.2222222222222222,0,0,False,-230.0,0.0,7,False,min_total_net_profit;min_trades_per_year;preferred_min_total_trades
25,3,4,4,0,0,9,0,0,0,0,0,0,0,9,7.770108332643535,-682.5,0.116504854368932,-0.4295933188090051,772.5,0.01545,-0.0117957127439898,-0.7634765530090504,0.2222222222222222,0,0,False,-242.5,0.0,7,False,min_total_net_profit;min_trades_per_year;preferred_min_total_trades
26,4,0,0,0,0,71,0,0,0,0,0,0,0,71,58.26528165970068,-1630.0,0.6196032672112018,-0.1848111395646606,2222.5,0.0440731743592286,-0.0268320264333925,-0.6088063050483252,0.4788732394366197,0,0,False,-197.5,0.0,6,False,min_total_net_profit;preferred_min_total_trades
27,4,0,1,0,0,71,0,0,0,0,0,0,0,71,58.26528165970068,-1667.5,0.6142278773857721,-0.1914392555341188,2247.5,0.0445799861152434,-0.0274512175164531,-0.6157744743457119,0.4788732394366197,0,0,False,-205.0,0.0,6,False,min_total_net_profit;preferred_min_total_trades
28,4,0,2,0,0,71,0,0,0,0,0,0,0,71,58.26528165970068,-1630.0,0.6196032672112018,-0.1877331646076467,2197.5,0.0435990278260007,-0.0268320264333925,-0.6154271728368911,0.4788732394366197,0,0,False,-217.5,0.0,6,False,min_total_net_profit;preferred_min_total_trades
29,4,0,3,0,0,72,0,0,0,0,0,0,0,72,59.085919429555624,-1647.5,0.621046578493387,-0.1874212794620431,2202.5,0.0437090692597737,-0.0271209715532506,-0.6204884252296485,0.4861111111111111,0,0,False,-230.0,0.0,6,False,min_total_net_profit;preferred_min_total_trades
30,4,0,4,0,0,72,0,0,0,0,0,0,0,72,59.085919429555624,-1747.5,0.6070826306913997,-0.1963476561612526,2265.0,0.044982870761134,-0.0287724466070924,-0.6396311778294137,0.4861111111111111,0,0,False,-242.5,0.0,6,False,min_total_net_profit;preferred_min_total_trades
31,4,1,0,0,0,64,0,0,0,0,0,0,0,64,45.47058318034245,-1595.0,0.5915492957746479,-0.1970050782550782,1692.5,0.03385,-0.0227703663844175,-0.6726843835869288,0.4375,0,0,False,-260.0,0.0,6,False,min_total_net_profit;min_trades_per_year;preferred_min_total_trades
32,4,1,1,0,0,64,0,0,0,0,0,0,0,64,45.47058318034245,-1645.0,0.584070796460177,-0.2040774936600207,1742.5,0.03485,-0.0234876516716193,-0.6739641799603836,0.4375,0,0,False,-260.0,0.0,6,False,min_total_net_profit;min_trades_per_year;preferred_min_total_trades
33,4,1,2,0,0,65,0,0,0,0,0,0,0,65,46.181061042535305,-1462.5,0.6213592233009708,-0.180283242398627,1560.0,0.0312,-0.020870596897866,-0.668929387752118,0.4615384615384615,0,0,False,-260.0,0.0,6,False,min_total_net_profit;min_trades_per_year;preferred_min_total_trades
34,4,1,3,0,0,63,0,0,0,0,0,0,0,63,44.7601053181496,-1277.5,0.649519890260631,-0.1815889777577084,1562.5,0.0311053600756482,-0.0182205981456746,-0.5857703656656659,0.4603174603174603,0,0,False,-260.0,0.0,6,False,min_total_net_profit;min_trades_per_year;preferred_min_total_trades
35,4,1,4,0,0,62,0,0,0,0,0,0,0,62,44.04962745595675,-1235.0,0.6571825121443442,-0.1714029697900665,1437.5,0.0286640079760717,-0.0176122264371856,-0.6144369779651195,0.4677419354838709,0,0,False,-260.0,0.0,5,False,min_total_net_profit;min_trades_per_year;preferred_min_total_trades
36,4,2,0,0,0,31,0,0,0,0,0,0,0,31,25.439205255403017,-1267.5,0.3861985472154963,-0.3015438948126454,1362.5,0.02725,-0.0208504809395329,-0.7651552638360698,0.4193548387096774,0,0,False,-255.0,0.0,4,False,min_total_net_profit;min_trades_per_year;preferred_min_total_trades
37,4,2,1,0,0,31,0,0,0,0,0,0,0,31,25.439205255403017,-1305.0,0.3793103448275862,-0.3078518176952711,1400.0,0.028,-0.0214688295919277,-0.7667439139974197,0.4193548387096774,0,0,False,-267.5,0.0,4,False,min_total_net_profit;min_trades_per_year;preferred_min_total_trades
38,4,2,2,0,0,30,0,0,0,0,0,0,0,30,24.61858573103518,-1012.5,0.4482288828337875,-0.2828444133552493,1107.5,0.02215,-0.0166479695611517,-0.751601334589245,0.4333333333333333,0,0,False,-227.5,0.0,4,False,min_total_net_profit;min_trades_per_year;preferred_min_total_trades
39,4,2,3,0,0,30,0,0,0,0,0,0,0,30,24.61858573103518,-1037.5,0.4422043010752688,-0.2891696240922247,1132.5,0.02265,-0.0170598066721469,-0.7531923475561547,0.4333333333333333,0,0,False,-240.0,0.0,4,False,min_total_net_profit;min_trades_per_year;preferred_min_total_trades
40,4,2,4,0,0,29,0,0,0,0,0,0,0,29,23.79796620666734,-1120.0,0.4097496706192358,-0.3048691553455618,1215.0,0.0243,-0.0184191369010968,-0.7579891728846447,0.4137931034482758,0,0,False,-265.0,0.0,4,False,min_total_net_profit;min_trades_per_year;preferred_min_total_trades
41,4,3,0,0,0,12,0,0,0,0,0,0,0,12,9.84772441850358,-735.0,0.2811735941320293,-0.3122183372183372,825.0,0.0164851633529823,-0.0120794579420295,-0.7327472396471155,0.4166666666666667,0,0,False,-267.5,0.0,4,False,min_total_net_profit;min_trades_per_year;preferred_min_total_trades
42,4,3,1,0,0,11,0,0,0,0,0,0,0,11,9.027080716961615,-492.5,0.3685897435897436,-0.2503792260371207,582.5,0.0116395244280147,-0.008090508513412,-0.6950892679033611,0.4545454545454545,0,0,False,-192.5,0.0,3,False,min_total_net_profit;min_trades_per_year;preferred_min_total_trades
43,4,3,2,0,0,11,0,0,0,0,0,0,0,11,9.027080716961615,-517.5,0.3571428571428571,-0.2547073247608006,607.5,0.0121390748326506,-0.0085015781222086,-0.7003481104953604,0.4545454545454545,0,0,False,-205.0,0.0,3,False,min_total_net_profit;min_trades_per_year;preferred_min_total_trades
44,4,3,3,0,0,10,0,0,0,0,0,0,0,10,8.206437015419652,-587.5,0.2921686746987952,-0.303234126984127,677.5,0.0135378159656309,-0.0096527712740394,-0.7130227873200031,0.4,0,0,False,-242.5,0.0,4,False,min_total_net_profit;min_trades_per_year;preferred_min_total_trades
45,4,3,4,0,0,10,0,0,0,0,0,0,0,10,8.206437015419652,-612.5,0.283625730994152,-0.3146818356222381,702.5,0.0140373663702667,-0.0100639825555587,-0.7169423587088071,0.4,0,0,False,-255.0,0.0,4,False,min_total_net_profit;min_trades_per_year;preferred_min_total_trades
46,4,4,0,0,0,7,0,0,0,0,0,0,0,7,6.043417592056083,-547.5,0.1411764705882353,-0.4774579534917881,592.5,0.01185,-0.0094607343791488,-0.7983742092108734,0.2857142857142857,0,0,False,-192.5,0.0,3,False,min_total_net_profit;min_trades_per_year;preferred_min_total_trades
47,4,4,1,0,0,7,0,0,0,0,0,0,0,7,6.043417592056083,-572.5,0.1358490566037735,-0.478279516934979,617.5,0.01235,-0.0098930719931091,-0.8010584609805005,0.2857142857142857,0,0,False,-205.0,0.0,3,False,min_total_net_profit;min_trades_per_year;preferred_min_total_trades
48,4,4,2,0,0,6,0,0,0,0,0,0,0,6,5.180072221762357,-642.5,0.0654545454545454,-0.590575396825397,687.5,0.01375,-0.0111037763481427,-0.807547370774018,0.1666666666666666,0,0,False,-242.5,0.0,5,False,min_total_net_profit;min_trades_per_year;preferred_min_total_trades
49,4,4,3,0,0,6,0,0,0,0,0,0,0,6,5.180072221762357,-667.5,0.0631578947368421,-0.5898721476894851,712.5,0.01425,-0.0115362276115137,-0.809559832386929,0.1666666666666666,0,0,False,-255.0,0.0,5,False,min_total_net_profit;min_trades_per_year;preferred_min_total_trades
50,4,4,4,0,0,6,0,0,0,0,0,0,0,6,5.180072221762357,-692.5,0.0610169491525423,-0.5892156862745098,737.5,0.01475,-0.0119687088239632,-0.8114378863703919,0.1666666666666666,0,0,False,-267.5,0.0,5,False,min_total_net_profit;min_trades_per_year;preferred_min_total_trades
51,5,0,0,0,0,62,0,0,0,0,0,0,0,62,50.87954173100623,-622.5,0.813622754491018,-0.098031292184518,1495.0,0.0294828181235517,-0.0102284039679541,-0.3469276215418279,0.5483870967741935,0,0,False,-130.0,0.0,3,False,min_total_net_profit;preferred_min_total_trades
52,5,0,1,0,0,61,0,0,0,0,0,0,0,61,50.05890396115129,-805.0,0.7607726597325408,-0.1180868566235008,1507.5,0.0298293346524857,-0.0132314666501923,-0.4435723023775104,0.5409836065573771,0,0,False,-130.0,0.0,3,False,min_total_net_profit;preferred_min_total_trades
53,5,0,2,0,0,61,0,0,0,0,0,0,0,61,50.05890396115129,-755.0,0.7722473604826546,-0.1138415158183721,1445.0,0.0285997031172686,-0.0124085113216331,-0.4338685360038155,0.5409836065573771,0,0,False,-142.5,0.0,3,False,min_total_net_profit;preferred_min_total_trades
54,5,0,3,0,0,62,0,0,0,0,0,0,0,62,50.87954173100623,-635.0,0.8040123456790124,-0.0980311747464448,1312.5,0.0259836674090571,-0.0104340296065007,-0.4015610822844717,0.5483870967741935,0,0,False,-155.0,0.0,3,False,min_total_net_profit;preferred_min_total_trades
55,5,0,4,0,0,62,0,0,0,0,0,0,0,62,50.87954173100623,-697.5,0.7887963663890991,-0.108684195685469,1337.5,0.0264982664685487,-0.0114622979428333,-0.4325678419921605,0.5483870967741935,0,0,False,-167.5,0.0,3,False,min_total_net_profit;preferred_min_total_trades
56,5,1,0,0,0,55,0,0,0,0,0,0,0,55,39.076282420606795,-1375.0,0.6014492753623188,-0.2140041776405412,1472.5,0.02945,-0.0196168553172819,-0.6661071415036321,0.4545454545454545,0,0,False,-260.0,0.0,5,False,min_total_net_profit;min_trades_per_year;preferred_min_total_trades
57,5,1,1,0,0,55,0,0,0,0,0,0,0,55,39.076282420606795,-1425.0,0.594306049822064,-0.2210073461579231,1522.5,0.03045,-0.0203331990189354,-0.667756946434663,0.4545454545454545,0,0,False,-260.0,0.0,5,False,min_total_net_profit;min_trades_per_year;preferred_min_total_trades
58,5,1,2,0,0,55,0,0,0,0,0,0,0,55,39.076282420606795,-1175.0,0.6460843373493976,-0.1860486987759715,1272.5,0.02545,-0.0167536099935783,-0.6582950881563195,0.4727272727272727,0,0,False,-260.0,0.0,5,False,min_total_net_profit;min_trades_per_year;preferred_min_total_trades
59,5,1,3,0,0,53,0,0,0,0,0,0,0,53,37.655326696221096,-990.0,0.6809024979854955,-0.1871349199281614,1262.5,0.0251393866985264,-0.0141081299105205,-0.5611962646386877,0.4716981132075472,0,0,False,-260.0,0.0,5,False,min_total_net_profit;min_trades_per_year;preferred_min_total_trades
60,5,1,4,0,0,52,0,0,0,0,0,0,0,52,36.94484883402824,-935.0,0.6931911402789172,-0.1747277295354218,1125.0,0.0224382946896035,-0.0133221937007782,-0.5937257659313507,0.4807692307692308,0,0,False,-260.0,0.0,5,False,min_total_net_profit;min_trades_per_year;preferred_min_total_trades
61,5,2,0,0,0,26,0,0,0,0,0,0,0,26,21.33610763356382,-1417.5,0.2973977695167286,-0.3936793684471703,1512.5,0.03025,-0.0233243884104914,-0.7710541623302958,0.3846153846153846,0,0,False,-255.0,0.0,4,False,min_total_net_profit;min_trades_per_year;preferred_min_total_trades
62,5,2,1,0,0,26,0,0,0,0,0,0,0,26,21.33610763356382,-1467.5,0.2902055622732769,-0.4001460612037535,1562.5,0.03125,-0.0241493285515295,-0.7727785136489445,0.3846153846153846,0,0,False,-267.5,0.0,4,False,min_total_net_profit;min_trades_per_year;preferred_min_total_trades
63,5,2,2,0,0,26,0,0,0,0,0,0,0,26,21.33610763356382,-1167.5,0.3558620689655172,-0.356571087448975,1262.5,0.02525,-0.0192019682445352,-0.7604739898825836,0.4230769230769231,0,0,False,-227.5,0.0,3,False,min_total_net_profit;min_trades_per_year;preferred_min_total_trades
64,5,2,3,0,0,26,0,0,0,0,0,0,0,26,21.33610763356382,-1205.0,0.3486486486486486,-0.3646133655183429,1300.0,0.026,-0.019820089475286,-0.7623111336648469,0.4230769230769231,0,0,False,-240.0,0.0,3,False,min_total_net_profit;min_trades_per_year;preferred_min_total_trades
65,5,2,4,0,0,25,0,0,0,0,0,0,0,25,20.51548810919598,-1312.5,0.3137254901960784,-0.3860053630579946,1407.5,0.02815,-0.0215925095709365,-0.7670518497668384,0.4,0,0,False,-265.0,0.0,5,False,min_total_net_profit;min_trades_per_year;preferred_min_total_trades
66,5,3,0,0,0,7,0,0,0,0,0,0,0,7,5.744505910793756,-297.5,0.3238636363636363,-0.1901154401154401,440.0,0.0087920871215905,-0.0048854415429947,-0.5556634591344826,0.5714285714285714,0,0,False,-267.5,0.0,3,False,min_total_net_profit;min_trades_per_year;preferred_min_total_trades
67,5,3,1,0,0,5,0,0,0,0,0,0,0,5,4.103218507709826,-37.5,0.782608695652174,-0.0796041385515069,172.5,0.0034468977919872,-0.0006155241848839,-0.1785733787392379,0.6,0,0,False,-130.0,0.0,2,False,min_total_net_profit;min_trades_per_year;preferred_min_total_trades
68,5,3,2,0,0,5,0,0,0,0,0,0,0,5,4.103218507709826,-37.5,0.782608695652174,-0.0908136308136308,172.5,0.0034468977919872,-0.0006155241848839,-0.1785733787392379,0.6,0,0,False,-130.0,0.0,2,False,min_total_net_profit;min_trades_per_year;preferred_min_total_trades
69,5,3,3,0,0,4,0,0,0,0,0,0,0,4,3.282574806167861,-82.5,0.5217391304347826,-0.173015873015873,172.5,0.0034468977919872,-0.0013542625967665,-0.3928931690155391,0.5,0,0,False,-130.0,0.0,2,False,min_total_net_profit;min_trades_per_year;preferred_min_total_trades
70,5,3,4,0,0,4,0,0,0,0,0,0,0,4,3.282574806167861,-82.5,0.5217391304347826,-0.1810630341880342,172.5,0.0034468977919872,-0.0013542625967665,-0.3928931690155391,0.5,0,0,False,-130.0,0.0,2,False,min_total_net_profit;min_trades_per_year;preferred_min_total_trades
71,5,4,0,0,0,4,0,0,0,0,0,0,0,4,3.511412834438898,-82.5,0.5217391304347826,-0.2251461988304093,130.0,0.0026,-0.0014486038470598,-0.5571553257922323,0.5,0,0,False,-130.0,0.0,1,False,min_total_net_profit;min_trades_per_year;preferred_min_total_trades
72,5,4,1,0,0,4,0,0,0,0,0,0,0,4,3.511412834438898,-82.5,0.5217391304347826,-0.2341880341880342,130.0,0.0026,-0.0014486038470598,-0.5571553257922323,0.5,0,0,False,-130.0,0.0,1,False,min_total_net_profit;min_trades_per_year;preferred_min_total_trades
73,5,4,2,0,0,3,0,0,0,0,0,0,0,3,2.633559625829174,-127.5,0.2608695652173913,-0.3862433862433862,172.5,0.00345,-0.0022388746365594,-0.6489491700172387,0.3333333333333333,0,0,False,-130.0,0.0,2,False,min_total_net_profit;min_trades_per_year;preferred_min_total_trades
74,5,4,3,0,0,3,0,0,0,0,0,0,0,3,2.633559625829174,-127.5,0.2608695652173913,-0.3925925925925926,172.5,0.00345,-0.0022388746365594,-0.6489491700172387,0.3333333333333333,0,0,False,-130.0,0.0,2,False,min_total_net_profit;min_trades_per_year;preferred_min_total_trades
75,5,4,4,0,0,3,0,0,0,0,0,0,0,3,2.633559625829174,-127.5,0.2608695652173913,-0.3981481481481481,172.5,0.00345,-0.0022388746365594,-0.6489491700172387,0.3333333333333333,0,0,False,-130.0,0.0,2,False,min_total_net_profit;min_trades_per_year;preferred_min_total_trades
76,6,0,0,0,0,57,0,0,0,0,0,0,0,57,49.20943128874524,-597.5,0.8060064935064936,-0.1040964152806258,1490.0,0.0293033089139092,-0.0103251775674024,-0.3523553465493271,0.543859649122807,0,0,False,-130.0,0.0,3,False,min_total_net_profit;min_trades_per_year;preferred_min_total_trades
77,6,0,1,0,0,56,0,0,0,0,0,0,0,56,48.34610793280235,-780.0,0.748792270531401,-0.1239405712751301,1502.5,0.0296482659957574,-0.0134822877018218,-0.4547411880260063,0.5357142857142857,0,0,False,-142.5,0.0,3,False,min_total_net_profit;min_trades_per_year;preferred_min_total_trades
78,6,0,2,0,0,56,0,0,0,0,0,0,0,56,48.34610793280235,-717.5,0.7641741988496302,-0.1157718098894569,1427.5,0.0281752689233198,-0.0124009057542215,-0.440134423844229,0.5357142857142857,0,0,False,-155.0,0.0,3,False,min_total_net_profit;min_trades_per_year;preferred_min_total_trades
79,6,0,3,0,0,57,0,0,0,0,0,0,0,57,49.20943128874524,-585.0,0.8020304568527918,-0.0956433369827536,1282.5,0.0253195794876857,-0.0101089955379914,-0.399256059639855,0.543859649122807,0,0,False,-167.5,0.0,3,False,min_total_net_profit;min_trades_per_year;preferred_min_total_trades
80,6,0,4,0,0,57,0,0,0,0,0,0,0,57,49.20943128874524,-635.0,0.7886855241264559,-0.1040018012663442,1295.0,0.025585300800158,-0.0109737685216037,-0.4289091071204411,0.543859649122807,0,0,False,-180.0,0.0,3,False,min_total_net_profit;min_trades_per_year;preferred_min_total_trades
81,6,1,0,0,0,48,0,0,0,0,0,0,0,48,34.10293738525684,-1165.0,0.6170912078882498,-0.2107223794723794,1285.0,0.0256384676775738,-0.016610536960709,-0.6478755739071878,0.4583333333333333,0,0,False,-260.0,0.0,8,False,min_total_net_profit;min_trades_per_year;preferred_min_total_trades
82,6,1,1,0,0,48,0,0,0,0,0,0,0,48,34.10293738525684,-1202.5,0.6111560226354082,-0.2165501974519002,1297.5,0.0259007885018464,-0.0171471045872959,-0.6620302152605712,0.4583333333333333,0,0,False,-260.0,0.0,8,False,min_total_net_profit;min_trades_per_year;preferred_min_total_trades
83,6,1,2,0,0,48,0,0,0,0,0,0,0,48,34.10293738525684,-940.0,0.6744588744588744,-0.1746782153032153,1185.0,0.0235844362623146,-0.0133936319031896,-0.5679012953381974,0.4791666666666667,0,0,False,-260.0,0.0,4,False,min_total_net_profit;min_trades_per_year;preferred_min_total_trades
84,6,1,3,0,0,46,0,0,0,0,0,0,0,46,32.68198166087114,-742.5,0.7206020696142992,-0.1738431138005441,1230.0,0.02436246595692,-0.0105734229063542,-0.4340046251906978,0.4782608695652174,0,0,False,-260.0,0.0,4,False,min_total_net_profit;min_trades_per_year;preferred_min_total_trades
85,6,1,4,0,0,45,0,0,0,0,0,0,0,45,31.971503798678285,-675.0,0.7393822393822393,-0.1578226711560045,1080.0,0.0214264457891082,-0.0096103050858514,-0.4485253961595776,0.4888888888888889,0,0,False,-260.0,0.0,4,False,min_total_net_profit;min_trades_per_year;preferred_min_total_trades
86,6,2,0,0,0,21,0,0,0,0,0,0,0,21,18.749646168186576,-905.0,0.3500897666068223,-0.3011040673579374,910.0,0.0182,-0.0161761873043879,-0.888801500241097,0.4761904761904761,0,0,False,-255.0,0.0,4,False,min_total_net_profit;min_trades_per_year;preferred_min_total_trades
87,6,2,1,0,0,21,0,0,0,0,0,0,0,21,18.749646168186576,-930.0,0.3439153439153439,-0.3057789432789433,935.0,0.0187,-0.0166234943175227,-0.8889569153755479,0.4761904761904761,0,0,False,-267.5,0.0,4,False,min_total_net_profit;min_trades_per_year;preferred_min_total_trades
88,6,2,2,0,0,20,0,0,0,0,0,0,0,20,17.856805874463408,-625.0,0.4505494505494505,-0.2662171694834233,630.0,0.0126,-0.0111680131093767,-0.8863502467759334,0.5,0,0,False,-227.5,0.0,3,False,min_total_net_profit;min_trades_per_year;preferred_min_total_trades
89,6,2,3,0,0,20,0,0,0,0,0,0,0,20,17.856805874463408,-637.5,0.4456521739130434,-0.2739083139083139,642.5,0.01285,-0.0113915272912582,-0.8865001783080352,0.5,0,0,False,-240.0,0.0,3,False,min_total_net_profit;min_trades_per_year;preferred_min_total_trades
90,6,2,4,0,0,19,0,0,0,0,0,0,0,19,16.963965580740236,-720.0,0.3936842105263158,-0.3000070566552562,725.0,0.0145,-0.0128668730901585,-0.8873705579419688,0.4736842105263157,0,0,False,-265.0,0.0,3,False,min_total_net_profit;min_trades_per_year;preferred_min_total_trades
91,6,3,0,0,0,5,0,0,0,0,0,0,0,5,19.214486632582073,-125.0,0.5327102803738317,0.006060606060606,267.5,0.0053451893296033,-0.0095731552119524,-1.7909852432977968,0.8,0,0,False,-267.5,0.0,1,False,min_total_net_profit;min_trades_per_year;preferred_min_total_trades
92,6,3,1,0,0,3,0,0,0,0,0,0,0,3,11.528691979549244,135.0,inf,0.3146198830409357,0.0,0.0,0.0104157103558348,inf,1.0,0,0,True,45.0,0.3333333333333333,0,False,min_trades_per_year;preferred_min_total_trades
93,6,3,2,0,0,3,0,0,0,0,0,0,0,3,11.528691979549244,135.0,inf,0.2904428904428904,0.0,0.0,0.0104157103558348,inf,1.0,0,0,True,45.0,0.3333333333333333,0,False,min_trades_per_year;preferred_min_total_trades
94,6,3,3,0,0,2,0,0,0,0,0,0,0,2,7.685794653032828,90.0,inf,0.3095238095238095,0.0,0.0,0.0069349332043038,inf,1.0,0,0,True,45.0,0.5,0,False,min_trades_per_year;preferred_min_total_trades;max_best_day_concentration
95,6,3,4,0,0,2,0,0,0,0,0,0,0,2,7.685794653032828,90.0,inf,0.2871794871794871,0.0,0.0,0.0069349332043038,inf,1.0,0,0,True,45.0,0.5,0,False,min_trades_per_year;preferred_min_total_trades;max_best_day_concentration
96,6,4,0,0,0,3,0,0,0,0,0,0,0,3,4.47173833487399,47.5,2.1176470588235294,0.0923976608187134,42.5,0.0008484727490517,0.0014163803949946,1.669329270241987,0.6666666666666666,0,0,True,-42.5,0.9473684210526316,1,False,min_trades_per_year;preferred_min_total_trades;max_best_day_concentration
97,6,4,1,0,0,3,0,0,0,0,0,0,0,3,4.47173833487399,47.5,2.1176470588235294,0.0767676767676768,42.5,0.0008484727490517,0.0014163803949946,1.669329270241987,0.6666666666666666,0,0,True,-42.5,0.9473684210526316,1,False,min_trades_per_year;preferred_min_total_trades;max_best_day_concentration
98,6,4,2,0,0,2,0,0,0,0,0,0,0,2,2.9811588899159935,2.5,1.0588235294117647,0.0,42.5,0.0008492356878809,7.452988629985668e-05,0.0877611331735606,0.5,0,0,True,-42.5,18.0,1,False,min_trades_per_year;preferred_min_total_trades;max_best_day_concentration
99,6,4,3,0,0,2,0,0,0,0,0,0,0,2,2.9811588899159935,2.5,1.0588235294117647,-0.0128205128205128,42.5,0.0008492356878809,7.452988629985668e-05,0.0877611331735606,0.5,0,0,True,-42.5,18.0,1,False,min_trades_per_year;preferred_min_total_trades;max_best_day_concentration
100,6,4,4,0,0,2,0,0,0,0,0,0,0,2,2.9811588899159935,2.5,1.0588235294117647,-0.0238095238095238,42.5,0.0008492356878809,7.452988629985668e-05,0.0877611331735606,0.5,0,0,True,-42.5,18.0,1,False,min_trades_per_year;preferred_min_total_trades;max_best_day_concentration
