bin_start,bin_end,count,share
0.20376640000000001,2.310384061764706,37,0.13028169014084506
2.310384061764706,4.4170017235294114,33,0.11619718309859155
4.4170017235294114,6.523619385294118,26,0.09154929577464789
6.523619385294118,8.630237047058822,20,0.07042253521126761
8.630237047058822,10.736854708823527,12,0.04225352112676056
10.736854708823527,12.843472370588234,15,0.0528169014084507
12.843472370588234,14.95009003235294,14,0.04929577464788732
14.95009003235294,17.056707694117645,12,0.04225352112676056
17.056707694117645,19.16332535588235,6,0.02112676056338028
19.16332535588235,21.269943017647055,8,0.028169014084507043
21.269943017647055,23.37656067941176,4,0.014084507042253521
23.37656067941176,25.48317834117647,10,0.035211267605633804
25.48317834117647,27.589796002941174,6,0.02112676056338028
27.589796002941174,29.69641366470588,9,0.03169014084507042
29.69641366470588,31.803031326470585,2,0.007042253521126761
31.803031326470585,33.90964898823529,10,0.035211267605633804
33.90964898823529,36.01626665,60,0.2112676056338028
