run_id,event.params.maximum_stop_atr_multiple,event.params.sweep_atr_fraction,signals_generated,entries_opened,trades_closed,entry_rejections_total,reject_missing_stop,reject_target_already_reached,reject_position_sizing,reject_daily_risk_lockout,reject_apex_latest_entry_time,reject_event_no_trade_window,total_trades,trades_per_year,net_profit,profit_factor,expectancy_r,max_drawdown,max_drawdown_pct,cagr,mar,win_rate,apex_rule_violations,apex_forced_flatten_trades,profitable,worst_day,best_day_concentration,consecutive_losses,benchmark_passed,failure_reason
1,1.25,0.2,0,0,213,0,0,0,0,0,0,0,213,302.71692607003894,-158.4400000000005,0.9932912874385244,0.039397165972346,3858.229999999996,0.0718481394433757,-0.0045005109841043,-0.0626392140279597,0.3990610328638497,0,0,False,-714.71,0.0,8,False,min_total_net_profit
2,1.25,0.25,0,0,186,0,0,0,0,0,0,0,186,264.3443579766537,-161.10999999999967,0.992262822938658,0.0360773110817555,4083.739999999998,0.0757333238382474,-0.0045763011534379,-0.0604265192851185,0.3924731182795699,0,0,False,-743.23,0.0,8,False,min_total_net_profit
3,1.25,0.3,0,0,165,0,0,0,0,0,0,0,165,234.4990272373541,702.75,1.0384982847651427,0.0659657869595122,2884.669999999991,0.0538311043897987,0.0200340207468752,0.3721644014918583,0.4,0,0,True,-771.75,1.6765848452508003,12,False,max_consecutive_losses;max_best_day_concentration
4,1.5,0.2,0,0,260,0,0,0,0,0,0,0,260,369.5136186770428,-2046.24,0.928474854484723,-0.0042966844634796,4438.470000000001,0.0847161878774772,-0.0576572602506333,-0.6805931864406065,0.3884615384615384,0,0,False,-888.79,0.0,9,False,min_total_net_profit;max_consecutive_losses
5,1.5,0.25,0,0,234,0,0,0,0,0,0,0,234,332.5622568093385,-2232.7599999999984,0.914015712978014,-0.0172315797100634,5304.449999999997,0.0999487674125319,-0.0628621623184583,-0.6289438473913229,0.3803418803418803,0,0,False,-917.31,0.0,9,False,min_total_net_profit;max_consecutive_losses
6,1.5,0.3,0,0,212,0,0,0,0,0,0,0,212,301.295719844358,-1108.8000000000002,0.952068390729072,0.0054111173928945,4000.9400000000023,0.075827783253995,-0.0313688405341331,-0.4136853167533475,0.3867924528301887,0,0,False,-922.31,0.0,14,False,min_total_net_profit;max_consecutive_losses
7,1.75,0.2,0,0,284,0,0,0,0,0,0,0,284,403.6225680933852,-3464.840000000001,0.8879454455077633,-0.0324700276181694,4562.029999999999,0.0892814262388988,-0.0970279796309124,-1.0867655650043655,0.3838028169014084,0,0,False,-888.79,0.0,8,False,min_total_net_profit
8,1.75,0.25,0,0,258,0,0,0,0,0,0,0,258,366.671206225681,-3792.15,0.8664958265753628,-0.0488774671653273,5488.689999999995,0.106171322103955,-0.1060408844246845,-0.9987714415090094,0.375968992248062,0,0,False,-917.31,0.0,8,False,min_total_net_profit;max_drawdown_pct
9,1.75,0.3,0,0,236,0,0,0,0,0,0,0,236,335.4046692607004,-2681.4799999999987,0.8952102337163345,-0.0314874575813811,4069.839999999997,0.0791977015806691,-0.0753487633579357,-0.951400884799504,0.3813559322033898,0,0,False,-922.31,0.0,15,False,min_total_net_profit;max_consecutive_losses
