trade_id,direction,entry_timestamp,exit_timestamp,entry_price,stop_price,target_price,exit_price,exit_reason,net_pnl,r_multiple
1,long,2021-07-13 14:56:56.126000-04:00,2021-07-13 15:11:14.102037-04:00,4366.25,4361.25,,4361.0,initial_stop,-190.89,-1.05
2,long,2021-07-16 11:09:00.221000-04:00,2021-07-16 11:16:45.101130-04:00,4340.0,4334.75,,4334.5,initial_stop,-171.12,-1.0476190476190477
3,long,2021-07-16 11:18:13.301000-04:00,2021-07-16 11:54:00.155000-04:00,4337.25,4333.5,,4341.0,maximum_12_bar_time_exit,159.57,1.0
4,long,2021-07-16 14:15:23.137079-04:00,2021-07-16 14:29:57.771043-04:00,4334.75,4331.0,,4330.75,initial_stop,-189.18,-1.0666666666666669
5,long,2021-07-19 10:41:13.271000-04:00,2021-07-19 11:15:00.002000-04:00,4243.75,4234.25,,4252.5,maximum_12_bar_time_exit,128.19,0.9210526315789472
6,long,2021-07-19 14:41:07.488000-04:00,2021-07-19 14:45:27.352035-04:00,4227.25,4224.25,,4224.0,initial_stop,-189.97,-1.0833333333333333
7,short,2021-07-20 10:06:26.995000-04:00,2021-07-20 10:18:03.136000-04:00,4286.75,4291.75,,4292.0,initial_stop,-190.89,-1.05
8,short,2021-07-21 10:18:17.988000-04:00,2021-07-21 10:54:00.012000-04:00,4337.75,4341.75,,4338.5,maximum_12_bar_time_exit,-38.16,-0.1875
9,short,2021-07-21 13:59:03.174000-04:00,2021-07-21 14:33:00.721000-04:00,4343.25,4345.75,,4345.0,maximum_12_bar_time_exit,-127.01,-0.7
10,short,2021-07-22 10:14:41.891000-04:00,2021-07-22 10:26:14.226010-04:00,4351.25,4351.0,4344.75,4351.0,post_target_1_stop,81.97,0.6111111111111112
11,short,2021-07-30 10:10:32.097000-04:00,2021-07-30 10:34:00.578000-04:00,4401.75,4401.5,4389.5,4389.5,target,402.07,2.437037037037037
12,long,2021-07-30 10:39:55.464000-04:00,2021-07-30 11:00:45.830000-04:00,4393.5,4389.0,,4388.75,initial_stop,-198.16,-1.0555555555555556
13,long,2021-07-30 14:45:40.904000-04:00,2021-07-30 15:21:00.331000-04:00,4387.25,4387.5,4396.25,4390.25,maximum_12_bar_time_exit,172.53,1.1136363636363635
14,short,2021-08-03 10:30:21.130000-04:00,2021-08-03 10:41:01.086000-04:00,4381.25,4381.0,4366.25,4381.0,post_target_1_stop,165.03,1.068181818181818
15,short,2021-08-06 14:03:08.525000-04:00,2021-08-06 14:39:00.013000-04:00,4429.75,4431.5,,4428.5,maximum_12_bar_time_exit,94.14,0.7142857142857143
16,long,2021-08-10 11:15:26.181000-04:00,2021-08-10 11:48:07.582000-04:00,4425.0,4425.25,4434.0,4434.0,target,308.55,1.9615384615384617
17,long,2021-08-16 09:42:13.973000-04:00,2021-08-16 09:46:00.319000-04:00,4443.5,4441.25,,4441.0,initial_stop,-189.28,-1.1111111111111112
18,long,2021-08-17 10:03:00.029000-04:00,2021-08-17 10:14:14.565000-04:00,4439.75,4440.0,4448.5,4448.5,target,332.53,2.0833333333333335
19,long,2021-08-17 14:06:16.717000-04:00,2021-08-17 14:21:17.545000-04:00,4430.25,4427.75,,4427.5,initial_stop,-192.01,-1.1
20,long,2021-08-17 14:33:28.574000-04:00,2021-08-17 14:35:24.835000-04:00,4429.75,4424.25,,4424.0,initial_stop,-178.62,-1.0454545454545454
21,short,2021-08-18 10:27:15.946000-04:00,2021-08-18 10:51:25.170000-04:00,4446.25,4446.0,4434.5,4446.0,post_target_1_stop,96.84,0.65625
22,long,2021-08-18 11:21:10.480000-04:00,2021-08-18 11:36:14.761000-04:00,4439.75,4435.5,,4435.25,initial_stop,-188.16,-1.0588235294117647
23,short,2021-08-19 10:22:09.211000-04:00,2021-08-19 10:48:47.831000-04:00,4397.0,4396.75,4378.5,4378.5,target,357.4,2.0714285714285716
24,short,2021-08-19 11:00:16.550000-04:00,2021-08-19 11:24:58.851028-04:00,4397.0,4400.0,,4400.25,initial_stop,-189.97,-1.0833333333333333
25,short,2021-08-19 15:27:02.143000-04:00,2021-08-19 15:28:26.502000-04:00,4408.5,4411.25,,4411.5,initial_stop,-192.24,-1.0909090909090908
26,short,2021-08-20 10:13:38.263000-04:00,2021-08-20 10:19:24.178000-04:00,4424.25,4429.75,,4430.0,initial_stop,-178.62,-1.0454545454545454
27,short,2021-08-20 10:27:59.152000-04:00,2021-08-20 10:35:47.013064-04:00,4427.25,4433.5,,4433.75,initial_stop,-167.6,-1.04
28,short,2021-08-23 11:17:15.345000-04:00,2021-08-23 11:51:00.011000-04:00,4478.75,4481.25,,4479.75,maximum_12_bar_time_exit,-78.26,-0.4
29,long,2021-08-26 14:55:16.226000-04:00,2021-08-26 14:59:17.428000-04:00,4473.5,4470.0,,4469.75,initial_stop,-197.7,-1.0714285714285714
30,short,2021-08-27 10:35:46.790000-04:00,2021-08-27 10:50:21.932000-04:00,4495.25,4498.75,,4499.0,initial_stop,-177.93,-1.0714285714285714
31,short,2021-08-30 11:17:27.780000-04:00,2021-08-30 11:51:00.006000-04:00,4532.25,4535.0,,4532.25,maximum_12_bar_time_exit,-12.24,0.0
32,long,2021-09-08 10:57:00.014016-04:00,2021-09-08 11:33:00.190000-04:00,4496.75,4497.0,4514.5,4501.5,maximum_12_bar_time_exit,173.88,1.1428571428571428
33,long,2021-09-14 10:54:32.637000-04:00,2021-09-14 10:56:27.051000-04:00,4443.25,4439.75,,4439.5,initial_stop,-177.93,-1.0714285714285714
34,long,2021-09-14 10:57:13.067011-04:00,2021-09-14 11:33:00.528000-04:00,4442.25,4442.5,4461.5,4449.0,maximum_12_bar_time_exit,329.57,2.1507936507936507
35,long,2021-09-15 10:15:00.010002-04:00,2021-09-15 10:15:18.177000-04:00,4437.25,4433.5,,4433.25,initial_stop,-189.18,-1.0666666666666669
36,long,2021-09-16 11:01:16.992000-04:00,2021-09-16 11:36:00.015000-04:00,4440.5,4432.75,,4440.25,maximum_12_bar_time_exit,-9.08,-0.032258064516129
37,long,2021-09-17 10:48:28.746019-04:00,2021-09-17 11:10:56.029082-04:00,4429.5,4425.0,,4424.75,initial_stop,-173.39,-1.0555555555555556
38,long,2021-09-17 11:13:21.480002-04:00,2021-09-17 11:29:41.647000-04:00,4428.5,4428.75,4443.75,4428.75,post_target_1_stop,91.61,0.5642857142857143
39,long,2021-09-17 13:45:00.027000-04:00,2021-09-17 13:46:01.454000-04:00,4426.0,4424.0,,4423.75,initial_stop,-196.32,-1.125
40,long,2021-09-17 15:20:12.187000-04:00,2021-09-17 15:49:32.449000-04:00,4423.5,4418.5,,4418.25,initial_stop,-190.89,-1.05
41,long,2021-09-20 10:48:38.255017-04:00,2021-09-20 10:55:42.694000-04:00,4350.5,4350.75,4363.25,4350.75,post_target_1_stop,72.86,0.4812030075187969
42,long,2021-09-21 10:02:27.802000-04:00,2021-09-21 10:06:11.860000-04:00,4369.75,4365.75,,4365.5,initial_stop,-178.16,-1.0625
43,long,2021-09-21 10:37:09.929000-04:00,2021-09-21 10:37:39.314000-04:00,4354.75,4351.0,,4350.75,initial_stop,-189.18,-1.0666666666666669
44,long,2021-09-21 14:39:17.254000-04:00,2021-09-21 15:15:00.005000-04:00,4348.75,4349.0,4371.25,4362.25,maximum_12_bar_time_exit,589.8,3.692307692307693
45,short,2021-09-22 11:10:39.735000-04:00,2021-09-22 11:30:35.014000-04:00,4385.25,4389.5,,4389.75,initial_stop,-188.16,-1.0588235294117647
46,short,2021-09-22 14:11:06.431000-04:00,2021-09-22 14:14:06.976042-04:00,4395.25,4402.75,,4403.0,initial_stop,-159.08,-1.0333333333333334
47,short,2021-09-22 15:24:00.719061-04:00,2021-09-22 15:38:00.987014-04:00,4397.25,4397.0,4376.25,4397.0,post_target_1_stop,93.65,0.5851851851851851
48,short,2021-09-23 10:18:00.011000-04:00,2021-09-23 10:25:32.048031-04:00,4436.0,4442.0,,4442.25,initial_stop,-193.62,-1.0416666666666667
49,long,2021-09-28 11:00:03.171009-04:00,2021-09-28 11:02:00.158000-04:00,4366.5,4357.5,,4357.25,initial_stop,-189.08,-1.0277777777777777
50,long,2021-09-28 11:25:20.541000-04:00,2021-09-28 11:28:53.247017-04:00,4356.25,4351.0,,4350.75,initial_stop,-171.12,-1.0476190476190477
51,short,2021-09-28 14:48:41.145000-04:00,2021-09-28 15:01:13.167000-04:00,4364.25,4368.0,,4368.25,initial_stop,-189.18,-1.0666666666666669
52,short,2021-09-28 15:02:01.728000-04:00,2021-09-28 15:07:32.013000-04:00,4364.25,4369.75,,4370.0,initial_stop,-178.62,-1.0454545454545454
53,short,2021-09-28 15:09:59.143037-04:00,2021-09-28 15:45:00-04:00,4368.0,4367.75,4340.0,4354.0,maximum_12_bar_time_exit,471.61,2.8796992481203008
54,short,2021-09-29 10:06:03.122000-04:00,2021-09-29 10:09:57.249000-04:00,4364.25,4369.75,,4370.0,initial_stop,-178.62,-1.0454545454545454
55,long,2021-09-29 13:45:00.009000-04:00,2021-09-29 14:12:54.639000-04:00,4350.25,4350.5,4368.25,4368.25,target,387.63,2.282608695652174
56,short,2021-09-29 14:46:49.751124-04:00,2021-09-29 15:21:00.686000-04:00,4371.0,4376.0,,4368.25,maximum_12_bar_time_exit,89.11,0.55
57,long,2021-09-30 11:27:11.070000-04:00,2021-09-30 11:32:46.040000-04:00,4351.5,4347.25,,4347.0,initial_stop,-188.16,-1.0588235294117647
58,long,2021-10-01 09:57:00.016000-04:00,2021-10-01 10:04:59.404000-04:00,4297.5,4297.75,4311.0,4297.75,post_target_1_stop,84.11,0.5214285714285715
59,long,2021-10-01 10:40:51.740000-04:00,2021-10-01 10:45:34.399022-04:00,4287.75,4277.75,,4277.5,initial_stop,-156.81,-1.025
60,long,2021-10-01 10:48:34.577000-04:00,2021-10-01 11:22:40.660000-04:00,4285.5,4285.75,4313.0,4313.0,target,398.42,2.236111111111111
61,short,2021-10-04 15:07:26.735000-04:00,2021-10-04 15:42:00.107000-04:00,4291.75,4291.5,4268.5,4283.0,maximum_12_bar_time_exit,275.13,1.7857142857142858
62,short,2021-10-05 13:54:00.270000-04:00,2021-10-05 14:03:46.152094-04:00,4354.5,4358.0,,4358.25,initial_stop,-177.93,-1.0714285714285714
63,short,2021-10-05 14:37:12.056017-04:00,2021-10-05 14:48:00.190173-04:00,4356.0,4359.75,,4360.0,initial_stop,-189.18,-1.0666666666666669
64,short,2021-10-05 14:49:03.731000-04:00,2021-10-05 15:24:00.105000-04:00,4357.75,4360.25,,4350.25,maximum_12_bar_time_exit,474.24,3.0
65,long,2021-10-06 10:19:12.301000-04:00,2021-10-06 10:30:56.762000-04:00,4291.75,4292.0,4317.75,4317.75,target,567.63,3.642857142857143
66,long,2021-10-07 15:18:44.733000-04:00,2021-10-07 15:25:12.337000-04:00,4404.25,4401.0,,4400.75,initial_stop,-185.2,-1.0769230769230769
67,short,2021-10-08 10:06:00.035000-04:00,2021-10-08 10:42:00.005000-04:00,4398.0,4397.75,4383.5,4388.5,maximum_12_bar_time_exit,311.84,2.0
68,short,2021-10-11 10:27:53.921000-04:00,2021-10-11 11:03:00.021000-04:00,4403.25,4408.0,,4402.75,maximum_12_bar_time_exit,10.36,0.1052631578947368
69,short,2021-10-12 14:28:32.107000-04:00,2021-10-12 15:03:00.013000-04:00,4353.5,4353.25,4342.0,4345.0,maximum_12_bar_time_exit,434.24,2.753846153846154
70,short,2021-10-13 14:19:51.771000-04:00,2021-10-13 14:54:00.766000-04:00,4354.0,4353.75,4332.0,4348.75,maximum_12_bar_time_exit,215.13,1.2826086956521738
71,short,2021-10-13 15:11:30.391142-04:00,2021-10-13 15:45:00.057000-04:00,4354.0,4358.0,,4349.25,maximum_12_bar_time_exit,204.57,1.1875
72,short,2021-10-14 10:43:41.427000-04:00,2021-10-14 10:47:35.866000-04:00,4408.5,4412.25,,4412.5,initial_stop,-189.18,-1.0666666666666669
73,short,2021-10-14 15:00:48.606000-04:00,2021-10-14 15:36:00.014000-04:00,4427.5,4430.25,,4425.0,maximum_12_bar_time_exit,137.76,0.9090909090909092
74,short,2021-10-18 10:10:21.667000-04:00,2021-10-18 10:27:20.483000-04:00,4459.25,4462.0,,4462.25,initial_stop,-192.24,-1.0909090909090908
75,short,2021-10-18 10:45:02.600000-04:00,2021-10-18 11:05:53.127000-04:00,4462.5,4465.5,,4465.75,initial_stop,-189.97,-1.0833333333333333
76,short,2021-10-18 15:00:00.071000-04:00,2021-10-18 15:12:11.984065-04:00,4473.75,4476.0,,4476.25,initial_stop,-189.28,-1.1111111111111112
77,short,2021-10-18 15:15:02.182000-04:00,2021-10-18 15:21:21.445067-04:00,4474.25,4477.0,,4477.25,initial_stop,-192.24,-1.0909090909090908
78,short,2021-10-19 15:21:18.666000-04:00,2021-10-19 15:55:00-04:00,4509.25,4512.0,,4508.0,time_flatten,62.76,0.4545454545454545
79,short,2021-10-21 14:38:22.645000-04:00,2021-10-21 14:59:59.426000-04:00,4527.0,4529.5,,4529.75,initial_stop,-192.01,-1.1
80,long,2021-10-22 10:55:12.151000-04:00,2021-10-22 11:03:14.893071-04:00,4539.75,4540.0,4547.25,4540.0,post_target_1_stop,85.26,0.5909090909090909
81,long,2021-10-25 09:50:04.937000-04:00,2021-10-25 10:24:00.006000-04:00,4534.5,4534.75,4548.5,4542.25,maximum_12_bar_time_exit,339.8,2.1538461538461537
82,short,2021-10-25 10:24:44.176027-04:00,2021-10-25 10:35:17.902044-04:00,4540.75,4545.75,,4546.0,initial_stop,-190.89,-1.05
83,short,2021-10-25 11:03:00.279000-04:00,2021-10-25 11:06:59.049039-04:00,4546.75,4549.0,,4549.25,initial_stop,-189.28,-1.1111111111111112
84,short,2021-10-26 11:04:28.859000-04:00,2021-10-26 11:27:06.455000-04:00,4585.75,4588.75,,4589.0,initial_stop,-189.97,-1.0833333333333333
85,short,2021-10-26 11:31:21.212000-04:00,2021-10-26 12:00:31.978000-04:00,4585.75,4585.5,4575.5,4575.5,target,346.05,2.0357142857142856
86,long,2021-10-27 11:00:00.038002-04:00,2021-10-27 11:36:00.180000-04:00,4562.75,4563.0,4571.75,4564.75,maximum_12_bar_time_exit,142.53,0.9318181818181818
87,short,2021-10-28 14:37:18.606000-04:00,2021-10-28 15:12:00.014000-04:00,4582.5,4582.25,4570.5,4578.5,maximum_12_bar_time_exit,353.68,2.3125
88,long,2021-11-01 10:20:26.094000-04:00,2021-11-01 10:23:52.873000-04:00,4598.0,4594.0,,4593.75,initial_stop,-200.43,-1.0625
89,long,2021-11-01 10:57:00.400000-04:00,2021-11-01 11:33:00.201000-04:00,4590.0,4590.25,4605.25,4600.0,maximum_12_bar_time_exit,396.05,2.5
90,short,2021-11-02 10:27:37.759000-04:00,2021-11-02 10:39:01.669000-04:00,4615.5,4618.5,,4618.75,initial_stop,-189.97,-1.0833333333333333
91,short,2021-11-02 15:12:23.465000-04:00,2021-11-02 15:47:36.984000-04:00,4622.75,4625.25,,4625.5,initial_stop,-192.01,-1.1
92,short,2021-11-09 10:46:22.242000-05:00,2021-11-09 11:04:03.089001-05:00,4681.25,4681.0,4667.5,4681.0,post_target_1_stop,102.07,0.6180555555555556
93,short,2021-11-10 10:22:17.584000-05:00,2021-11-10 10:39:16.588000-05:00,4676.25,4676.0,4664.0,4676.0,post_target_1_stop,127.53,0.8409090909090909
94,short,2021-11-10 11:12:09.628000-05:00,2021-11-10 11:48:00.059000-05:00,4676.25,4676.0,4664.5,4671.25,maximum_12_bar_time_exit,257.53,1.628787878787879
95,short,2021-11-16 15:03:00.088001-05:00,2021-11-16 15:39:01.064000-05:00,4703.0,4705.25,,4703.75,maximum_12_bar_time_exit,-71.55,-0.3333333333333333
96,long,2021-11-19 13:50:08.116000-05:00,2021-11-19 14:24:00.034000-05:00,4695.75,4696.0,4706.5,4702.0,maximum_12_bar_time_exit,206.84,1.2647058823529411
97,long,2021-11-19 15:26:33.688000-05:00,2021-11-19 15:44:25.221000-05:00,4696.25,4693.75,,4693.5,initial_stop,-192.01,-1.1
98,short,2021-11-22 10:18:00.018000-05:00,2021-11-22 10:54:00.019000-05:00,4738.25,4741.0,,4735.75,maximum_12_bar_time_exit,137.76,0.9090909090909092
99,long,2021-11-23 10:10:27.147016-05:00,2021-11-23 10:14:32.109000-05:00,4677.5,4670.0,,4669.75,initial_stop,-198.85,-1.0333333333333334
100,long,2021-11-23 13:45:50.588009-05:00,2021-11-23 14:21:00.005000-05:00,4658.25,4658.5,4677.25,4661.5,maximum_12_bar_time_exit,289.8,1.7142857142857142
101,short,2021-11-23 14:51:50.109017-05:00,2021-11-23 14:54:16.781059-05:00,4674.25,4679.75,,4680.0,initial_stop,-178.62,-1.0454545454545454
102,short,2021-11-23 15:19:27.245000-05:00,2021-11-23 15:37:08.424000-05:00,4676.5,4684.25,,4684.5,initial_stop,-164.08,-1.032258064516129
103,short,2021-11-24 11:03:00.012000-05:00,2021-11-24 11:09:40.193000-05:00,4674.5,4680.75,,4681.0,initial_stop,-201.12,-1.04
104,short,2021-11-24 15:12:09.778000-05:00,2021-11-24 15:14:54.930000-05:00,4694.25,4697.25,,4697.5,initial_stop,-189.97,-1.0833333333333333
105,long,2021-11-29 11:00:00.002025-05:00,2021-11-29 11:31:10.333000-05:00,4630.5,4630.75,4641.5,4641.5,target,306.84,1.75
106,short,2021-12-01 10:29:51.852000-05:00,2021-12-01 10:43:23.533000-05:00,4627.25,4627.0,4605.75,4627.0,post_target_1_stop,98.42,0.6212121212121212
107,short,2021-12-01 11:03:18.832000-05:00,2021-12-01 11:10:32.619000-05:00,4636.0,4640.0,,4640.25,initial_stop,-200.43,-1.0625
108,short,2021-12-02 09:57:12.504019-05:00,2021-12-02 10:03:03.411004-05:00,4556.25,4562.75,,4563.0,initial_stop,-173.85,-1.0384615384615383
109,short,2021-12-02 10:06:03.660000-05:00,2021-12-02 10:31:11.337001-05:00,4558.5,4558.25,4531.75,4558.25,post_target_1_stop,110.92,0.6571428571428571
110,long,2021-12-02 10:37:13.335000-05:00,2021-12-02 10:38:17.995000-05:00,4541.5,4535.5,,4535.25,initial_stop,-193.62,-1.0416666666666667
111,long,2021-12-02 10:57:05.347000-05:00,2021-12-02 11:09:42.997018-05:00,4538.5,4538.75,4560.75,4560.75,target,303.42,1.8636363636363635
112,short,2021-12-02 14:03:15.940000-05:00,2021-12-02 14:17:31.429000-05:00,4584.25,4588.5,,4588.75,initial_stop,-188.16,-1.0588235294117647
113,short,2021-12-02 14:20:47.444000-05:00,2021-12-02 14:29:20.320000-05:00,4584.25,4589.0,,4589.25,initial_stop,-182.14,-1.0526315789473684
114,short,2021-12-02 14:30:13.971000-05:00,2021-12-02 15:06:00.031000-05:00,4586.5,4591.0,,4585.25,maximum_12_bar_time_exit,41.84,0.2777777777777778
115,short,2021-12-02 15:06:00.060000-05:00,2021-12-02 15:41:38.240000-05:00,4584.75,4591.0,,4591.25,initial_stop,-167.6,-1.04
116,long,2021-12-03 10:52:40.482000-05:00,2021-12-03 11:05:33.513000-05:00,4528.75,4518.75,,4518.5,initial_stop,-156.81,-1.025
117,long,2021-12-03 11:12:04.202018-05:00,2021-12-03 11:48:00.009000-05:00,4526.75,4513.75,,4520.25,maximum_12_bar_time_exit,-67.04,-0.5
118,long,2021-12-03 11:49:27.809009-05:00,2021-12-03 11:50:51.954092-05:00,4524.75,4513.75,,4513.5,initial_stop,-171.81,-1.0227272727272727
119,long,2021-12-03 14:03:00.145001-05:00,2021-12-03 14:19:29.326000-05:00,4511.25,4503.0,,4502.75,initial_stop,-174.08,-1.0303030303030305
120,long,2021-12-03 14:22:52.894032-05:00,2021-12-03 14:57:00.086000-05:00,4507.0,4496.75,,4504.25,maximum_12_bar_time_exit,-44.31,-0.2682926829268293
121,long,2021-12-03 14:57:00.094000-05:00,2021-12-03 15:00:16.086013-05:00,4504.5,4497.5,,4497.25,initial_stop,-186.35,-1.0357142857142858
122,long,2021-12-03 15:03:59.381000-05:00,2021-12-03 15:39:00.017000-05:00,4501.5,4501.75,4543.75,4513.0,maximum_12_bar_time_exit,208.19,1.4083333333333334
123,short,2021-12-06 09:48:30.015000-05:00,2021-12-06 09:58:56.257000-05:00,4558.5,4566.75,,4567.0,initial_stop,-174.08,-1.0303030303030305
124,short,2021-12-06 15:03:02.866000-05:00,2021-12-06 15:15:42.087017-05:00,4594.25,4597.5,,4597.75,initial_stop,-185.2,-1.0769230769230769
125,short,2021-12-07 10:54:00.020000-05:00,2021-12-07 11:01:39.426000-05:00,4687.75,4692.0,,4692.25,initial_stop,-188.16,-1.0588235294117647
126,short,2021-12-07 11:10:23.299000-05:00,2021-12-07 11:45:00.001000-05:00,4689.25,4693.0,,4687.75,maximum_12_bar_time_exit,58.32,0.4
127,short,2021-12-08 14:24:05.083000-05:00,2021-12-08 14:55:20.189032-05:00,4688.75,4692.5,,4692.75,initial_stop,-189.18,-1.0666666666666669
128,long,2021-12-09 10:48:03.911000-05:00,2021-12-09 11:17:24.092000-05:00,4683.75,4680.5,,4680.25,initial_stop,-185.2,-1.0769230769230769
129,long,2021-12-10 10:16:17.571000-05:00,2021-12-10 10:33:07.144000-05:00,4690.5,4690.75,4701.5,4690.75,post_target_1_stop,69.11,0.4841269841269841
130,long,2021-12-13 13:53:03.126000-05:00,2021-12-13 14:27:00.014000-05:00,4680.5,4676.0,,4684.25,maximum_12_bar_time_exit,124.11,0.8333333333333334
131,long,2021-12-14 10:39:20.386016-05:00,2021-12-14 10:39:32.612000-05:00,4632.75,4628.75,,4628.5,initial_stop,-178.16,-1.0625
132,short,2021-12-15 10:48:43.519000-05:00,2021-12-15 11:15:43.822000-05:00,4619.0,4618.75,4609.0,4609.0,target,325.82,2.126984126984127
133,long,2021-12-15 11:15:49.136000-05:00,2021-12-15 11:32:52.615051-05:00,4609.25,4605.5,,4605.25,initial_stop,-189.18,-1.0666666666666669
134,long,2021-12-17 10:32:17.705000-05:00,2021-12-17 10:45:43.675000-05:00,4603.5,4603.75,4628.25,4628.25,target,533.88,3.0
135,short,2021-12-17 14:06:00.002001-05:00,2021-12-17 14:07:56.994000-05:00,4638.0,4641.75,,4642.0,initial_stop,-189.18,-1.0666666666666669
136,short,2021-12-17 14:49:41.348000-05:00,2021-12-17 15:24:00.010000-05:00,4639.25,4643.25,,4635.25,maximum_12_bar_time_exit,151.84,1.0
137,long,2021-12-20 10:43:32.877008-05:00,2021-12-20 10:47:02.152000-05:00,4538.75,4534.25,,4534.0,initial_stop,-173.39,-1.0555555555555556
138,short,2021-12-20 13:42:00.439000-05:00,2021-12-20 13:55:16.227032-05:00,4543.25,4548.75,,4549.0,initial_stop,-178.62,-1.0454545454545454
139,short,2021-12-20 14:18:00.178000-05:00,2021-12-20 14:54:00.005000-05:00,4551.0,4550.75,4530.0,4550.0,maximum_12_bar_time_exit,314.24,2.0153846153846153
140,short,2021-12-20 15:18:06.850204-05:00,2021-12-20 15:21:07.793041-05:00,4551.5,4555.25,,4555.5,initial_stop,-189.18,-1.0666666666666669
141,short,2021-12-20 15:23:10.396000-05:00,2021-12-20 15:50:24.112000-05:00,4551.5,4558.25,,4558.5,initial_stop,-180.1,-1.037037037037037
142,long,2021-12-21 10:36:03.194000-05:00,2021-12-21 10:37:44.502039-05:00,4578.75,4575.25,,4575.0,initial_stop,-177.93,-1.0714285714285714
143,long,2021-12-21 10:40:04.322000-05:00,2021-12-21 11:08:36.539001-05:00,4577.75,4578.0,4594.25,4594.25,target,346.38,1.9583333333333333
144,short,2021-12-23 09:46:23.467000-05:00,2021-12-23 10:00:49.311000-05:00,4709.25,4714.0,,4714.25,initial_stop,-182.14,-1.0526315789473684
145,short,2021-12-23 10:04:47.728000-05:00,2021-12-23 10:12:58.422016-05:00,4709.25,4714.5,,4714.75,initial_stop,-171.12,-1.0476190476190477
146,long,2021-12-28 15:06:53.461000-05:00,2021-12-28 15:42:00.024000-05:00,4778.75,4775.25,,4781.75,maximum_12_bar_time_exit,125.82,0.8571428571428571
147,short,2022-01-03 10:30:13.596000-05:00,2022-01-03 11:06:00.024000-05:00,4772.25,4777.75,,4769.5,maximum_12_bar_time_exit,76.38,0.5
148,short,2022-01-03 13:48:15.268000-05:00,2022-01-03 13:50:52.506000-05:00,4771.0,4773.5,,4773.75,initial_stop,-192.01,-1.1
149,short,2022-01-06 15:09:14.303000-05:00,2022-01-06 15:37:13.854000-05:00,4704.25,4704.0,4688.5,4688.5,target,327.63,1.934782608695652
150,long,2022-01-10 10:51:15.433000-05:00,2022-01-10 11:27:00.090000-05:00,4578.75,4579.0,4611.25,4607.0,maximum_12_bar_time_exit,568.65,3.5307692307692307
151,short,2022-01-10 11:30:07.134000-05:00,2022-01-10 12:06:00.007000-05:00,4605.75,4605.5,4576.5,4592.0,maximum_12_bar_time_exit,609.57,3.6666666666666665
152,short,2022-01-12 10:22:44.249000-05:00,2022-01-12 10:38:51.672000-05:00,4733.25,4733.0,4720.75,4720.75,target,263.88,1.6363636363636365
153,long,2022-01-12 14:06:41.653000-05:00,2022-01-12 14:42:00.032000-05:00,4709.5,4709.75,4730.0,4714.0,maximum_12_bar_time_exit,225.36,1.3984962406015038
154,long,2022-01-13 13:56:48.957111-05:00,2022-01-13 14:16:55.956000-05:00,4692.5,4685.0,,4684.75,initial_stop,-198.85,-1.0333333333333334
155,long,2022-01-13 14:42:01.447000-05:00,2022-01-13 15:02:30.010100-05:00,4677.75,4674.75,,4674.5,initial_stop,-189.97,-1.0833333333333333
156,long,2022-01-14 10:39:00.006000-05:00,2022-01-14 10:40:59.261000-05:00,4633.5,4628.0,,4627.75,initial_stop,-178.62,-1.0454545454545454
157,long,2022-01-14 10:48:00.007004-05:00,2022-01-14 10:52:10.489032-05:00,4632.0,4626.5,,4626.25,initial_stop,-178.62,-1.0454545454545454
158,long,2022-01-14 10:54:00.049004-05:00,2022-01-14 11:03:01.662013-05:00,4630.0,4630.25,4648.25,4630.25,post_target_1_stop,121.38,0.8095238095238095
159,long,2022-01-14 13:54:00.031002-05:00,2022-01-14 14:30:00.029000-05:00,4621.75,4619.0,,4622.0,maximum_12_bar_time_exit,2.76,0.0909090909090909
160,long,2022-01-18 13:50:53.866052-05:00,2022-01-18 13:52:25.915000-05:00,4576.5,4571.5,,4571.25,initial_stop,-190.89,-1.05
161,long,2022-01-18 13:57:56.583000-05:00,2022-01-18 14:33:00.008000-05:00,4577.25,4577.5,4596.5,4585.5,maximum_12_bar_time_exit,201.15,1.32
162,long,2022-01-18 15:22:20.178000-05:00,2022-01-18 15:41:20.857000-05:00,4576.5,4569.75,,4569.5,initial_stop,-180.1,-1.037037037037037
163,long,2022-01-19 11:21:00.107000-05:00,2022-01-19 11:22:56.823008-05:00,4560.75,4555.0,,4554.75,initial_stop,-186.12,-1.0434782608695652
164,long,2022-01-19 13:51:22.658000-05:00,2022-01-19 14:05:25.472000-05:00,4571.5,4567.25,,4567.0,initial_stop,-188.16,-1.0588235294117647
165,short,2022-01-20 10:05:12.620029-05:00,2022-01-20 10:31:20.057045-05:00,4569.25,4577.0,,4577.25,initial_stop,-164.08,-1.032258064516129
166,long,2022-01-20 14:21:09.042005-05:00,2022-01-20 14:23:32.769000-05:00,4558.25,4553.5,,4553.25,initial_stop,-182.14,-1.0526315789473684
167,short,2022-01-21 10:38:47.234000-05:00,2022-01-21 10:50:11.344000-05:00,4454.75,4466.5,,4466.75,initial_stop,-183.06,-1.0212765957446808
168,short,2022-01-21 11:11:08.228000-05:00,2022-01-21 11:21:21.367000-05:00,4467.0,4479.25,,4479.5,initial_stop,-190.56,-1.020408163265306
169,short,2022-01-21 11:31:20.229000-05:00,2022-01-21 12:06:00.002000-05:00,4474.25,4474.0,4439.0,4451.0,maximum_12_bar_time_exit,195.46,1.490566037735849
170,long,2022-01-21 14:02:39.822007-05:00,2022-01-21 14:26:40.672012-05:00,4430.25,4423.5,,4423.25,initial_stop,-180.1,-1.037037037037037
171,long,2022-01-21 14:39:35.465000-05:00,2022-01-21 14:56:53.924032-05:00,4426.5,4414.5,,4414.25,initial_stop,-186.81,-1.0208333333333333
172,long,2022-01-24 11:06:30.376000-05:00,2022-01-24 11:07:33.909009-05:00,4284.25,4277.25,,4277.0,initial_stop,-186.35,-1.0357142857142858
173,long,2022-01-24 11:12:46.750000-05:00,2022-01-24 11:37:31.006053-05:00,4281.0,4269.75,,4269.5,initial_stop,-175.56,-1.022222222222222
174,short,2022-01-24 15:04:55.501000-05:00,2022-01-24 15:10:39.888000-05:00,4312.5,4323.25,,4323.5,initial_stop,-168.06,-1.0232558139534884
175,short,2022-01-24 15:19:23.642000-05:00,2022-01-24 15:26:47.352014-05:00,4320.25,4342.0,,4342.25,initial_stop,-111.02,-1.011494252873563
176,short,2022-01-24 15:27:45.035006-05:00,2022-01-24 15:31:35.692017-05:00,4325.5,4346.25,,4346.5,initial_stop,-106.02,-1.0120481927710845
177,long,2022-01-25 10:06:08.180000-05:00,2022-01-25 10:06:41.240018-05:00,4285.75,4278.25,,4278.0,initial_stop,-159.08,-1.0333333333333334
178,long,2022-01-25 10:09:00.019000-05:00,2022-01-25 10:44:58.802000-05:00,4288.75,4289.0,4334.75,4334.75,target,316.71,2.5
179,short,2022-01-25 10:55:37.537000-05:00,2022-01-25 11:30:00.002000-05:00,4324.25,4345.5,,4327.0,maximum_12_bar_time_exit,-14.77,-0.1294117647058823
180,short,2022-01-25 11:30:15.609000-05:00,2022-01-25 12:06:00.011000-05:00,4324.25,4324.0,4279.5,4317.25,maximum_12_bar_time_exit,130.46,0.7361111111111112
181,long,2022-01-26 10:30:17.092007-05:00,2022-01-26 10:30:51.562000-05:00,4398.25,4390.5,,4390.25,initial_stop,-164.08,-1.032258064516129
182,long,2022-01-26 10:36:00.138000-05:00,2022-01-26 10:39:43.047000-05:00,4396.75,4391.0,,4390.75,initial_stop,-186.12,-1.0434782608695652
183,long,2022-01-26 10:56:08.650062-05:00,2022-01-26 11:30:00.002000-05:00,4393.5,4393.75,4422.75,4412.25,maximum_12_bar_time_exit,250.69,1.780701754385965
184,short,2022-01-26 14:09:33.382028-05:00,2022-01-26 14:14:29.975016-05:00,4434.0,4433.75,4401.5,4401.5,target,236.71,1.8725490196078431
185,long,2022-01-26 14:34:54.165003-05:00,2022-01-26 14:36:35.177008-05:00,4393.5,4387.75,,4387.5,initial_stop,-186.12,-1.0434782608695652
186,short,2022-01-27 10:12:28.496000-05:00,2022-01-27 10:28:16.212022-05:00,4416.5,4416.25,4390.0,4390.0,target,517.4,3.4833333333333334
187,long,2022-01-27 10:57:01.268034-05:00,2022-01-27 11:16:31.837000-05:00,4388.5,4388.75,4420.25,4388.75,post_target_1_stop,70.46,0.5370370370370371
188,long,2022-01-27 11:30:38.596000-05:00,2022-01-27 12:04:08.664000-05:00,4386.75,4387.0,4417.25,4387.0,post_target_1_stop,68.19,0.4042553191489361
189,long,2022-01-28 10:03:25.664003-05:00,2022-01-28 10:08:27.736000-05:00,4286.75,4287.0,4301.25,4301.25,target,411.84,2.4705882352941178
190,short,2022-01-28 15:26:07.948012-05:00,2022-01-28 15:33:29.629000-05:00,4376.5,4384.0,,4384.25,initial_stop,-159.08,-1.0333333333333334
191,short,2022-01-31 13:57:42.125000-05:00,2022-01-31 14:05:24.910035-05:00,4474.5,4481.5,,4481.75,initial_stop,-186.35,-1.0357142857142858
192,short,2022-02-01 11:03:00.013000-05:00,2022-02-01 11:08:58.517006-05:00,4504.25,4509.0,,4509.25,initial_stop,-182.14,-1.0526315789473684
193,short,2022-02-02 10:06:21.648000-05:00,2022-02-02 10:09:17.083000-05:00,4559.25,4562.75,,4563.0,initial_stop,-177.93,-1.0714285714285714
194,short,2022-02-02 10:10:21.371000-05:00,2022-02-02 10:12:15.454025-05:00,4559.25,4565.0,,4565.25,initial_stop,-186.12,-1.0434782608695652
195,long,2022-02-02 10:19:05.900008-05:00,2022-02-02 10:21:19.585000-05:00,4551.75,4552.0,4564.25,4552.0,post_target_1_stop,80.13,0.5476190476190477
196,short,2022-02-02 14:24:38.519010-05:00,2022-02-02 14:30:23.432019-05:00,4563.0,4570.5,,4570.75,initial_stop,-159.08,-1.0333333333333334
197,long,2022-02-03 14:35:09.046000-05:00,2022-02-03 14:36:44.911034-05:00,4500.25,4494.5,,4494.25,initial_stop,-186.12,-1.0434782608695652
198,short,2022-02-07 14:38:30.213000-05:00,2022-02-07 14:43:05.131000-05:00,4504.25,4508.25,,4508.5,initial_stop,-178.16,-1.0625
199,short,2022-02-07 14:49:03.539000-05:00,2022-02-07 15:11:23.933045-05:00,4505.5,4509.75,,4510.0,initial_stop,-188.16,-1.0588235294117647
200,short,2022-02-07 15:21:53.808000-05:00,2022-02-07 15:38:07.270000-05:00,4506.5,4506.25,4488.5,4488.5,target,347.4,2.169230769230769
201,short,2022-02-10 10:22:05.349000-05:00,2022-02-10 10:23:40.707000-05:00,4557.25,4564.75,,4565.0,initial_stop,-159.08,-1.0333333333333334
202,short,2022-02-10 10:44:25.265000-05:00,2022-02-10 11:18:00.035000-05:00,4574.25,4574.0,4542.5,4559.0,maximum_12_bar_time_exit,295.92,1.875
203,long,2022-02-10 11:24:03.937000-05:00,2022-02-10 11:33:25.203072-05:00,4555.5,4549.5,,4549.25,initial_stop,-161.35,-1.0416666666666667
204,short,2022-02-14 09:54:05.218000-05:00,2022-02-14 10:00:18.138005-05:00,4412.5,4412.25,4401.5,4401.5,target,284.11,1.8492063492063493
205,long,2022-02-14 10:30:02.909000-05:00,2022-02-14 10:31:16.796000-05:00,4394.75,4386.0,,4385.75,initial_stop,-184.08,-1.0285714285714285
206,long,2022-02-14 10:40:32.035000-05:00,2022-02-14 10:53:20.127050-05:00,4383.5,4383.75,4406.75,4383.75,post_target_1_stop,98.65,0.6384615384615384
207,long,2022-02-14 14:40:35.959000-05:00,2022-02-14 14:48:08.386000-05:00,4385.0,4376.0,,4375.75,initial_stop,-189.08,-1.0277777777777777
208,long,2022-02-14 14:50:46.106000-05:00,2022-02-14 15:06:39.681000-05:00,4385.0,4372.5,,4372.25,initial_stop,-129.54,-1.02
209,long,2022-02-14 15:09:02.229000-05:00,2022-02-14 15:45:00.129000-05:00,4385.0,4385.25,4416.25,4400.0,maximum_12_bar_time_exit,145.46,1.0925925925925926
210,short,2022-02-15 09:43:53.451002-05:00,2022-02-15 09:45:22.448000-05:00,4454.5,4460.25,,4460.5,initial_stop,-186.12,-1.0434782608695652
211,short,2022-02-15 10:46:49.421000-05:00,2022-02-15 10:49:46.313000-05:00,4459.25,4462.75,,4463.0,initial_stop,-177.93,-1.0714285714285714
212,short,2022-02-15 11:12:04.492028-05:00,2022-02-15 11:35:38.914000-05:00,4461.25,4461.0,4446.5,4461.0,post_target_1_stop,117.07,0.8015873015873016
213,short,2022-02-16 11:12:18.698000-05:00,2022-02-16 11:25:13.475000-05:00,4437.5,4437.25,4427.0,4437.25,post_target_1_stop,77.07,0.5111111111111111
214,short,2022-02-16 11:30:07.608000-05:00,2022-02-16 11:50:07.512004-05:00,4438.25,4438.0,4427.25,4438.0,post_target_1_stop,87.07,0.6111111111111112
215,long,2022-02-16 13:49:01.476000-05:00,2022-02-16 13:56:11.556000-05:00,4431.5,4431.75,4440.5,4431.75,post_target_1_stop,77.53,0.5867768595041323
216,long,2022-02-17 10:27:22.062022-05:00,2022-02-17 10:30:05.130041-05:00,4405.75,4402.0,,4401.75,initial_stop,-189.18,-1.0666666666666669
217,long,2022-02-17 10:33:00.009000-05:00,2022-02-17 11:09:00.302000-05:00,4407.5,4407.75,4428.5,4412.75,maximum_12_bar_time_exit,153.65,0.9407407407407408
218,short,2022-02-17 11:20:38.172000-05:00,2022-02-17 11:49:06.867000-05:00,4417.75,4422.25,,4422.5,initial_stop,-173.39,-1.0555555555555556
219,long,2022-02-17 13:51:20.745000-05:00,2022-02-17 14:02:25.310000-05:00,4406.25,4402.5,,4402.25,initial_stop,-189.18,-1.0666666666666669
220,long,2022-02-18 14:07:06.965000-05:00,2022-02-18 14:42:00.006000-05:00,4342.75,4343.0,4388.75,4358.75,maximum_12_bar_time_exit,835.82,5.365079365079365
221,short,2022-02-22 10:24:00.181002-05:00,2022-02-22 10:29:34.069000-05:00,4345.75,4355.0,,4355.25,initial_stop,-145.56,-1.027027027027027
222,short,2022-02-22 10:30:44.579000-05:00,2022-02-22 10:50:32.544000-05:00,4351.75,4351.5,4328.0,4328.0,target,330.92,2.2333333333333334
223,long,2022-02-22 14:36:00.018000-05:00,2022-02-22 14:43:12.137008-05:00,4291.0,4282.0,,4281.75,initial_stop,-189.08,-1.0277777777777777
224,long,2022-02-22 14:48:15.431093-05:00,2022-02-22 15:24:00.017000-05:00,4286.75,4287.0,4346.25,4312.25,maximum_12_bar_time_exit,396.94,2.3703703703703702
225,long,2022-02-23 11:11:14.041000-05:00,2022-02-23 11:18:05.829000-05:00,4276.5,4270.75,,4270.5,initial_stop,-186.12,-1.0434782608695652
226,long,2022-02-23 11:21:00.032000-05:00,2022-02-23 11:57:00.180000-05:00,4273.5,4267.75,,4290.25,maximum_12_bar_time_exit,496.38,2.9130434782608696
227,long,2022-02-23 13:46:37.323000-05:00,2022-02-23 13:53:21.120062-05:00,4268.25,4262.5,,4262.25,initial_stop,-186.12,-1.0434782608695652
228,long,2022-02-23 14:00:40.061000-05:00,2022-02-23 14:03:10.301000-05:00,4267.75,4258.25,,4258.0,initial_stop,-149.31,-1.0263157894736843
229,short,2022-02-24 10:52:28.592000-05:00,2022-02-24 10:53:57.207055-05:00,4164.25,4175.5,,4175.75,initial_stop,-175.56,-1.022222222222222
230,short,2022-02-24 11:03:46.687010-05:00,2022-02-24 11:08:56.356000-05:00,4166.25,4182.25,,4182.5,initial_stop,-164.54,-1.015625
231,short,2022-02-24 13:44:52.434000-05:00,2022-02-24 13:46:47.176017-05:00,4184.5,4192.75,,4193.0,initial_stop,-174.08,-1.0303030303030305
232,short,2022-02-24 14:00:55.759015-05:00,2022-02-24 14:15:09.537000-05:00,4188.25,4202.25,,4202.5,initial_stop,-144.54,-1.0178571428571428
233,short,2022-02-25 13:55:00.155000-05:00,2022-02-25 14:30:00.010000-05:00,4374.25,4380.75,,4374.0,maximum_12_bar_time_exit,1.1500000000000004,0.0384615384615384
234,long,2022-02-28 15:08:26.855025-05:00,2022-02-28 15:33:59.153000-05:00,4327.5,4327.75,4363.25,4327.75,post_target_1_stop,160.92,0.9166666666666666
235,long,2022-03-01 10:00:00.026040-05:00,2022-03-01 10:01:06.236005-05:00,4354.25,4354.5,4368.75,4354.5,post_target_1_stop,95.13,0.5869565217391305
236,long,2022-03-01 11:14:10.437000-05:00,2022-03-01 11:20:05.511000-05:00,4341.75,4331.75,,4331.5,initial_stop,-156.81,-1.025
237,long,2022-03-01 11:23:14.425017-05:00,2022-03-01 11:29:00.006005-05:00,4339.25,4331.0,,4330.75,initial_stop,-174.08,-1.0303030303030305
238,long,2022-03-01 14:35:08.684000-05:00,2022-03-01 14:51:34.337000-05:00,4306.0,4300.5,,4300.25,initial_stop,-178.62,-1.0454545454545454
239,long,2022-03-01 15:00:57.375000-05:00,2022-03-01 15:30:01.620026-05:00,4304.75,4296.0,,4295.75,initial_stop,-184.08,-1.0285714285714285
240,short,2022-03-04 10:02:09.038018-05:00,2022-03-04 10:10:43.423000-05:00,4319.25,4319.0,4299.5,4299.5,target,275.92,1.696969696969697
241,long,2022-03-04 10:25:21.014000-05:00,2022-03-04 10:31:09.878023-05:00,4301.5,4293.0,,4292.75,initial_stop,-179.08,-1.0294117647058822
242,long,2022-03-04 10:48:00.335000-05:00,2022-03-04 10:58:14.453026-05:00,4291.75,4287.5,,4287.25,initial_stop,-188.16,-1.0588235294117647
243,long,2022-03-04 11:00:56.465016-05:00,2022-03-04 11:03:14.177000-05:00,4291.25,4285.5,,4285.25,initial_stop,-186.12,-1.0434782608695652
244,long,2022-03-04 11:04:04.062023-05:00,2022-03-04 11:06:08.715091-05:00,4290.25,4284.75,,4284.5,initial_stop,-178.62,-1.0454545454545454
245,long,2022-03-04 11:09:00.000001-05:00,2022-03-04 11:11:15.187003-05:00,4288.25,4283.25,,4283.0,initial_stop,-163.62,-1.05
246,long,2022-03-04 11:15:08.978004-05:00,2022-03-04 11:51:00.008000-05:00,4286.5,4286.75,4312.25,4298.75,maximum_12_bar_time_exit,353.88,2.0869565217391304
247,short,2022-03-04 14:27:00.389000-05:00,2022-03-04 15:03:00.002000-05:00,4315.75,4315.5,4286.5,4306.5,maximum_12_bar_time_exit,271.15,1.7
248,long,2022-03-07 10:03:01.848034-05:00,2022-03-07 10:13:00.062000-05:00,4283.5,4276.5,,4276.25,initial_stop,-186.35,-1.0357142857142858
249,long,2022-03-07 10:18:09.726000-05:00,2022-03-07 10:19:55.115000-05:00,4276.75,4271.5,,4271.25,initial_stop,-171.12,-1.0476190476190477
250,long,2022-03-07 10:45:00.802000-05:00,2022-03-07 10:47:21.202008-05:00,4265.5,4259.75,,4259.5,initial_stop,-186.12,-1.0434782608695652
251,long,2022-03-07 14:50:09.112000-05:00,2022-03-07 14:54:34.451000-05:00,4226.5,4218.25,,4218.0,initial_stop,-174.08,-1.0303030303030305
252,long,2022-03-07 15:03:38.957038-05:00,2022-03-07 15:06:09.181021-05:00,4220.75,4215.5,,4215.25,initial_stop,-171.12,-1.0476190476190477
253,short,2022-03-08 09:48:00.235000-05:00,2022-03-08 09:54:09.492000-05:00,4208.5,4208.25,4191.0,4191.0,target,248.42,1.7413793103448276
254,long,2022-03-08 10:36:01.612000-05:00,2022-03-08 11:04:30.752000-05:00,4164.5,4164.75,4199.25,4199.25,target,500.92,2.8857142857142857
255,short,2022-03-08 11:05:48.258004-05:00,2022-03-08 11:31:53.122000-05:00,4194.25,4194.0,4161.0,4161.0,target,646.15,3.721428571428571
256,short,2022-03-08 14:51:54.191004-05:00,2022-03-08 15:04:02.203005-05:00,4221.25,4231.0,,4231.25,initial_stop,-153.06,-1.0256410256410255
257,short,2022-03-08 15:11:05.312000-05:00,2022-03-08 15:45:00-05:00,4224.0,4223.75,4158.0,4178.75,maximum_12_bar_time_exit,385.46,2.540983606557377
258,short,2022-03-09 10:53:39.620000-05:00,2022-03-09 10:55:08.071000-05:00,4264.0,4263.75,4249.0,4263.75,post_target_1_stop,132.07,0.8968253968253969
259,short,2022-03-09 10:55:08.071009-05:00,2022-03-09 10:58:15.633023-05:00,4263.75,4267.5,,4267.75,initial_stop,-189.18,-1.0666666666666669
260,short,2022-03-09 14:04:03.564000-05:00,2022-03-09 14:04:20.265035-05:00,4276.0,4279.75,,4280.0,initial_stop,-189.18,-1.0666666666666669
261,short,2022-03-09 14:09:34.135011-05:00,2022-03-09 14:34:32.397000-05:00,4274.25,4281.5,,4281.75,initial_stop,-154.08,-1.0344827586206895
262,short,2022-03-09 14:47:07.759000-05:00,2022-03-09 14:51:28.336000-05:00,4276.5,4284.25,,4284.5,initial_stop,-164.08,-1.032258064516129
263,long,2022-03-11 14:03:00.094000-05:00,2022-03-11 14:39:00.018000-05:00,4243.0,4235.5,,4244.25,maximum_12_bar_time_exit,20.92,0.1666666666666666
264,long,2022-03-11 14:47:46.696000-05:00,2022-03-11 14:51:18.906006-05:00,4239.75,4234.5,,4234.25,initial_stop,-171.12,-1.0476190476190477
265,short,2022-03-14 09:52:08.152000-04:00,2022-03-14 10:02:41.051000-04:00,4214.5,4221.75,,4222.0,initial_stop,-154.08,-1.0344827586206895
266,long,2022-03-15 10:14:29.865000-04:00,2022-03-15 10:28:28.350040-04:00,4190.5,4190.75,4208.5,4208.5,target,376.38,2.4285714285714284
267,short,2022-03-15 15:14:02.469012-04:00,2022-03-15 15:16:07.397027-04:00,4240.75,4246.5,,4246.75,initial_stop,-186.12,-1.0434782608695652
268,short,2022-03-16 09:50:29.143000-04:00,2022-03-16 10:14:21.048000-04:00,4316.75,4316.5,4297.5,4316.5,post_target_1_stop,128.88,0.8181818181818182
269,long,2022-03-16 14:58:02.183000-04:00,2022-03-16 15:00:26.022010-04:00,4301.5,4291.5,,4291.25,initial_stop,-156.81,-1.025
270,long,2022-03-16 15:03:58.583055-04:00,2022-03-16 15:39:00.044000-04:00,4301.5,4301.75,4337.0,4320.25,maximum_12_bar_time_exit,167.96,1.1929824561403508
271,short,2022-03-17 10:09:00.008000-04:00,2022-03-17 10:14:01.969027-04:00,4359.25,4363.25,,4363.5,initial_stop,-178.16,-1.0625
272,long,2022-03-17 10:51:00.006001-04:00,2022-03-17 10:54:07.868000-04:00,4342.25,4335.0,,4334.75,initial_stop,-154.08,-1.0344827586206895
273,short,2022-03-21 09:42:51.194000-04:00,2022-03-21 09:52:12.050000-04:00,4470.0,4469.75,4456.0,4456.0,target,455.82,2.952380952380953
274,long,2022-03-21 10:16:38.340000-04:00,2022-03-21 10:21:51.396000-04:00,4444.5,4438.25,,4438.0,initial_stop,-167.6,-1.04
275,long,2022-03-21 10:24:26.438000-04:00,2022-03-21 10:26:21.780036-04:00,4441.5,4436.75,,4436.5,initial_stop,-182.14,-1.0526315789473684
276,short,2022-03-21 11:05:09.604000-04:00,2022-03-21 11:17:03.375000-04:00,4456.25,4462.0,,4462.25,initial_stop,-186.12,-1.0434782608695652
277,short,2022-03-21 11:20:07.729009-04:00,2022-03-21 11:25:29.638051-04:00,4456.25,4464.25,,4464.5,initial_stop,-169.08,-1.03125
278,long,2022-03-21 15:15:07.176000-04:00,2022-03-21 15:20:15.248000-04:00,4438.5,4432.75,,4432.5,initial_stop,-186.12,-1.0434782608695652
279,short,2022-03-22 10:10:22.372000-04:00,2022-03-22 10:11:03.367018-04:00,4487.5,4490.75,,4491.0,initial_stop,-185.2,-1.0769230769230769
280,short,2022-03-22 10:13:51.053013-04:00,2022-03-22 10:20:02.678023-04:00,4487.5,4492.5,,4492.75,initial_stop,-163.62,-1.05
281,short,2022-03-22 11:30:22.108000-04:00,2022-03-22 12:06:00.011000-04:00,4500.75,4506.5,,4497.75,maximum_12_bar_time_exit,83.88,0.5217391304347826
282,short,2022-03-22 15:19:55.832152-04:00,2022-03-22 15:44:34.881000-04:00,4502.5,4508.25,,4508.5,initial_stop,-186.12,-1.0434782608695652
283,short,2022-03-24 10:50:49.319000-04:00,2022-03-24 11:01:06.809040-04:00,4472.5,4478.5,,4478.75,initial_stop,-161.35,-1.0416666666666667
284,short,2022-03-24 15:17:36.623003-04:00,2022-03-24 15:20:00.672000-04:00,4496.25,4499.5,,4499.75,initial_stop,-185.2,-1.0769230769230769
